ID, filename, class, occupation, is_female, is_poc, human_annotated,  
0, scientists/S_bing_0.jpg, 1, https://i.pinimg.com/originals/27/22/2a/27222a5b6eab9480035e28e060369b88.jpg, 0, -1, 0 
1, scientists/S_bing_1.jpg, 1, https://www.biography.com/.image/t_share/MTM2ODA1ODU5OTkxNzU4NDMz/george_washington_carver_promojpg.jpg, 0, -1, 0 
2, scientists/S_bing_2.jpg, 1, https://i.pinimg.com/736x/3a/76/b0/3a76b0e0a6cab074377d9c95e7dc4583.jpg, 0, -1, 0 
3, scientists/S_bing_3.jpg, 1, http://media.gettyimages.com/photos/face-of-a-black-man-in-lab-coat-using-microscope-picture-id478919606?s=612x612, 0, -1, 0 
4, scientists/S_bing_4.jpg, 1, https://upload.wikimedia.org/wikipedia/commons/8/82/Neil_deGrasse_Tyson_in_June_2017_%28cropped%29.jpg, 0, -1, 0 
5, scientists/S_bing_5.jpg, 1, https://i.pinimg.com/236x/cd/26/2a/cd262a183458fa1e364e0d2595cdc184.jpg, 0, -1, 0 
6, scientists/S_bing_6.jpg, 1, https://s3.envato.com/files/221528915/__videouploadss--84220__p2.jpg, 0, -1, 0 
7, scientists/S_bing_7.jpg, 1, http://i.huffpost.com/gen/1176789/thumbs/o-STEM-PROGRAMS-FOR-BLACK-MEN-facebook.jpg, 0, -1, 0 
8, scientists/S_bing_8.jpg, 1, https://photos.the-scientist.com/content/figures/0890-3670-051107-S11-1-1.jpg, 0, -1, 0 
9, scientists/S_bing_9.jpg, 1, http://media2.s-nbcnews.com/j/msnbc/Components/Photos/z_Projects_in_progress/050418_Einstein/050321_neil_tyson_bcol_9a.grid-6x2.jpg, 0, -1, 0 
10, scientists/S_bing_10.jpg, 1, https://www.uncnri.org/wp-content/uploads/2017/06/male-female-white-black-scientists.jpg, 0, -1, 0 
11, scientists/S_bing_11.jpg, 1, https://fthmb.tqn.com/AXj08Niich95gqD0P7lwTOnOs9U=/1200x1200/filters:fill(auto,1)/African_American-Black_Innovations_..._where_would_we_be_without_them-_140211-M-TJ398-001-588f27ef5f9b5874eeec2dbb.jpg, 0, -1, 0 
12, scientists/S_bing_12.jpg, 1, https://i.pinimg.com/736x/d7/99/0b/d7990b04fda6439e02d89ab16377dd33--african-american-inventors-american-history.jpg, 0, -1, 0 
13, scientists/S_bing_13.jpg, 1, https://www.biography.com/.image/t_share/MTE5NTU2MzE2NjA0MzY4Mzk1/primary-photo.jpg, 0, -1, 0 
14, scientists/S_bing_14.jpg, 1, https://www.ebony.com/wp-content/uploads/2016/07/scientist_caro_original_48773.jpg, 0, -1, 0 
15, scientists/S_bing_15.jpg, 1, https://www.blackenterprise.com/wp-content/blogs.dir/1/files/2013/06/STEMmalescience.jpg, 0, -1, 0 
16, scientists/S_bing_16.jpg, 1, http://66.media.tumblr.com/4fd0604eba00ee3474fa62710949a10f/tumblr_n6co4ovNae1qbtvcso1_1280.jpg, 0, -1, 0 
17, scientists/S_bing_17.jpg, 1, https://cdn-images-1.medium.com/max/1600/1*MZ096hqWUv6PYHa0ANXlpA.jpeg, 0, -1, 0 
18, scientists/S_bing_18.jpg, 1, https://i.pinimg.com/736x/3e/db/10/3edb10a08e01e48cf46e377a88ab16c7.jpg, 0, -1, 0 
19, scientists/S_bing_19.jpg, 1, https://i.pinimg.com/736x/50/ac/42/50ac429851a318b10a27a2ac7b0a4943--agricultural-extension-modern-agriculture.jpg, 0, -1, 0 
20, scientists/S_bing_20.jpg, 1, http://www.livescience.com/images/i/000/029/781/original/male-female-scientists-120808.jpg?1344457169, 0, -1, 0 
21, scientists/S_bing_21.jpg, 1, https://www.bing.com/th?id=OIP.nKVvpJVxVLnQCb0NvpwkFQHaFc&w=264&h=194&c=7&o=5&dpr=2&pid=1.7, 0, -1, 0 
22, scientists/S_bing_22.jpg, 1, https://www.bing.com/images/search?view=detailV2&id=4B6673D3370EE4D3DBDEBC33E972BBF359C101A1&thid=OIP.mD9DwSX14djszvgLoc5DowHaFc&exph=957&expw=1300&q=male+asian+scientist&selectedindex=10&vt=0&eim=1,2,6, 0, -1, 0 
23, scientists/S_bing_23.jpg, 1, https://www.bing.com/th?id=OIP.2e5StppmuLc151pXtN080wHaFN&w=275&h=194&c=7&o=5&dpr=2&pid=1.7, 0, -1, 0 
24, scientists/S_bing_24.jpg, 1, https://www.bing.com/th?id=OIP.MsWQN9IHbWpJX_rYQe18JAAAAA&w=129&h=194&c=7&o=5&dpr=2&pid=1.7, 0, -1, 0 
25, scientists/S_bing_25.jpg, 1, https://www.bing.com/th?id=OIP.nEOf85IcGL43KSmHN-3cTAHaFc&w=264&h=194&c=7&o=5&dpr=2&pid=1.7, 0, -1, 0 
26, scientists/S_bing_26.jpg, 1, https://www.bing.com/th?id=OIP.FXiVanPB3KeBQLIzVEWguwAAAA&w=129&h=194&c=7&o=5&dpr=2&pid=1.7, 0, -1, 0 
27, scientists/S_bing_27.jpg, 1, https://www.bing.com/th?id=OIP.W7U_BOBUcQ3pmtqFZsHfgwHaE6&w=213&h=160&c=7&o=5&dpr=2&pid=1.7, 0, -1, 0 
28, scientists/S_bing_28.jpg, 1, https://www.bing.com/th?id=OIP.yYi_0j2xY4AlNdFvS9l45gHaEL&w=213&h=160&c=7&o=5&dpr=2&pid=1.7, 0, -1, 0 
29, scientists/S_bing_29.jpg, 1, https://www.bing.com/th?id=OIP._hIoj3Sv1W6LuPIs3j85sQAAAA&w=126&h=197&c=7&o=5&dpr=2&pid=1.7, 0, -1, 0 
30, scientists/S_bing_30.jpg, 1, https://www.bing.com/th?id=OIP.DQC9xm6IaZt2thMG6yhxBQHaFY&w=219&h=159&c=7&o=5&dpr=2&pid=1.7, 0, -1, 0 
31, scientists/S_bing_31.jpg, 1, https://www.bing.com/th?id=OIP.vhq37diFYUAa3H__iO2U7gHaFS&w=288&h=204&c=7&o=5&dpr=2&pid=1.7, 0, -1, 0 
32, scientists/S_bing_32.jpg, 1, https://www.bing.com/th?id=OIP.jacct4cYiQXvID23xXcfIAHaKD&w=134&h=182&c=7&o=5&dpr=2&pid=1.7, 0, -1, 0 
33, scientists/S_bing_33.jpg, 1, http://www.massey.ac.nz/massey/fms/Colleges/college-of-health/mifst/Asian-male-studying.jpg?51074CE70717B51C5326A4A32E96BBBB, 0, -1, 0 
34, scientists/S_bing_34.jpg, 1, https://i.cbc.ca/1.3672148.1468108801!/fileImage/httpImage/image.jpg_gen/derivatives/16x9_620/edward-ho.jpg, 0, -1, 0 
35, scientists/S_bing_35.jpg, 1, https://il3.picdn.net/shutterstock/videos/308290/thumb/1.jpg?i10c=img.resize(height:160), 0, -1, 0 
36, scientists/S_bing_36.jpg, 1, http://faobmb.com/wp-content/uploads/2018/01/varodom_YSA_2017_for-webpage-231x300.jpg, 0, -1, 0 
37, scientists/S_bing_37.jpg, 1, https://image.shutterstock.com/image-photo/relaxed-asian-senior-man-using-260nw-1145698007.jpg, 0, -1, 0 
38, scientists/S_bing_38.jpg, 1, https://l7.alamy.com/zooms/56fca8c3205f4c70bacc397cc286230b/male-hispanic-lab-technician-scientist-in-research-lab-environment-b8kgh8.jpg, 0, -1, 0 
39, scientists/S_bing_39.jpg, 1, http://www.stjhs.org/images/August-2015/iAsianMaleGaming_000054185694.jpg, 0, -1, 0 
40, scientists/S_bing_40.jpg, 1, https://www.ewa.org/sites/main/files/imagecache/medium/main-images/bigstock-hispanic-boy-in-science-class-73240339.jpg, 0, -1, 0 
41, scientists/S_bing_41.jpg, 1, https://thumb9.shutterstock.com/display_pic_with_logo/499045/499045,1329286392,2/stock-photo-hispanic-scientist-holding-two-different-chemicals-in-beakers-95196859.jpg, 0, -1, 0 
42, scientists/S_bing_42.jpg, 1, https://n7.alamy.com/zooms/895c029d00ee49de839939e7ef1f0ae7/a-portrait-of-a-scientist-ajfakm.jpg, 0, -1, 0 
43, scientists/S_bing_43.jpg, 1, https://www.bing.com/th?id=OIP._HFJOiC41BpTPFrPQOI6CgHaE7&pid=Api&rs=1&p=0, 0, -1, 0 
44, scientists/S_bing_44.jpg, 1, https://www.aps.org/careers/physicists/profiles/images/arodriguez-profile.jpg, 0, -1, 0 
45, scientists/S_bing_45.jpg, 1, https://www.bing.com/th?id=OIP.FzWoEAVnpdUW0RISWhWqnQHaE8&pid=Api&rs=1&p=0, 0, -1, 0 
46, scientists/S_bing_46.jpg, 1, https://media.senscritique.com/media/000008232625/1200/Cherie_j_ai_retreci_les_gosses.jpg, 0, -1, 0 
47, scientists/S_bing_47.jpg, 1, http://cdn.grid.fotosearch.com/BLD/BLD084/bld242586.jpg, 0, -1, 0 
48, scientists/S_bing_48.jpg, 1, https://thumbs.dreamstime.com/t/male-lab-researcher-technician-scientist-doctor-holding-test-tube-looking-concerned-isolated-white-48683624.jpg, 0, -1, 0 
49, scientists/S_bing_49.jpg, 1, https://image.shutterstock.com/image-photo/adult-hispanic-scientist-doctor-man-260nw-1188758161.jpg, 0, -1, 0 
50, scientists/S_bing_50.jpg, 1, https://www.tutorsinjohannesburg.co.za/wp-content/uploads/2018/04/Science-Tutor-Smiling-in-Classroom.jpg, 0, -1, 0 
51, scientists/S_bing_51.jpg, 1, http://coen.boisestate.edu/mbe/files/2014/06/Latino-College-Student.jpg, 0, -1, 0 
52, scientists/S_bing_52.jpg, 1, https://www.swarthmore.edu/sites/default/files/styles/main_page_image_floating/public/assets/images/news-events/Alex%201.jpg?itok=lWO_xWrv, 0, -1, 0 
53, scientists/S_bing_53.jpg, 1, http://www.slate.com/content/dam/slate/articles/health_and_science/new_scientist/2012/07/120706_NEWSCIENTIST_SanalEdamarukuEX.jpg.CROP.promo-xlarge2.jpg, 0, -1, 0 
54, scientists/S_bing_54.jpg, 1, http://www.malegroomingacademy.com/wp-content/uploads/2018/03/2112-anilbhardwaj.jpg, 0, -1, 0 
55, scientists/S_bing_55.jpg, 1, http://cdn.grid.fotosearch.com/BLD/BLD014/dm060707_018.jpg, 0, -1, 0 
56, scientists/S_bing_56.jpg, 1, http://media.gettyimages.com/photos/close-up-of-indian-male-scientist-wearing-respirator-picture-id72541184?s=612x612, 0, -1, 0 
57, scientists/S_bing_57.jpg, 1, http://media.gettyimages.com/photos/indian-male-scientist-wearing-respirator-and-looking-at-beaker-picture-id72541180?s=170667a, 0, -1, 0 
58, scientists/S_bing_58.jpg, 1, https://www.thefamouspeople.com/profiles/images/homi-bhabha-4.jpg, 0, -1, 0 
59, scientists/S_bing_59.jpg, 1, https://science.dodlive.mil/files/2014/07/140528-N-CM812-002_low-res.jpg, 0, -1, 0 
60, scientists/S_bing_60.jpg, 1, https://c8.alamy.com/comp/M51DWN/asianindian-male-scientist-or-doctor-or-science-student-experimenting-M51DWN.jpg, 0, -1, 0 
61, scientists/S_bing_61.jpg, 1, https://c8.alamy.com/comp/M51D4D/asianindian-male-scientist-or-doctor-or-science-student-experimenting-M51D4D.jpg, 0, -1, 0 
62, scientists/S_bing_62.jpg, 1, http://media.gettyimages.com/photos/portrait-of-a-male-scientist-holding-a-conical-flask-picture-id56529745?s=170667a, 0, -1, 0 
63, scientists/S_bing_63.jpg, 1, https://thumbs.dreamstime.com/z/male-scientist-doing-research-laboratory-asian-wearing-lab-coat-instruments-modern-45529913.jpg, 0, -1, 0 
64, scientists/S_bing_64.jpg, 1, https://thumbs.dreamstime.com/z/male-lab-researcher-technician-scientist-doctor-wearing-white-coat-isolated-white-48684248.jpg, 0, -1, 0 
65, scientists/S_bing_65.jpg, 1, https://www.bing.com/th?id=OIP.Ge6Q0EQ0vBfU2jl_7mtJwgHaJ4&w=174&h=232&c=7&o=5&dpr=2&pid=1.7, 0, -1, 0 
66, scientists/S_bing_66.jpg, 1, https://i.pinimg.com/originals/df/4f/56/df4f56d30237e5a34f69d565a3d49f4d.jpg, 0, -1, 0 
67, scientists/S_bing_67.jpg, 1, https://il9.picdn.net/shutterstock/videos/6065504/thumb/1.jpg, 0, -1, 0 
68, scientists/S_bing_68.jpg, 1, https://thumbs.dreamstime.com/z/male-scientist-working-lab-10640701.jpg, 0, -1, 0 
69, scientists/S_bing_69.jpg, 1, https://thumbs.dreamstime.com/z/male-scientist-student-doing-research-young-using-chemical-fluid-isolated-white-45530621.jpg, 0, -1, 0 
70, scientists/S_bing_70.jpg, 1, https://c8.alamy.com/comp/KY1F8G/1950s-historical-picture-a-male-scientist-at-a-workbench-in-a-laboratory-KY1F8G.jpg, 0, -1, 0 
71, scientists/S_bing_71.jpg, 1, https://thumbs.dreamstime.com/z/male-scientist-chemist-working-microscope-pharmacy-pharmaceutical-laboratory-47528427.jpg, 0, -1, 0 
72, scientists/S_bing_72.jpg, 1, http://media.gettyimages.com/photos/portrait-of-a-male-scientist-side-view-black-background-picture-id72617168, 0, -1, 0 
73, scientists/S_bing_73.jpg, 1, https://www.bing.com/th?id=OIP.czGHrsSZZVwATWZo1umLGgHaFc&pid=Api&w=181&h=181&c=7&dpr=2, 0, -1, 0 
74, scientists/S_bing_74.jpg, 1, https://www.bing.com/th?id=OIP.lZsjc66t5eneqLFzUNESrgHaLH&w=174&h=262&c=7&o=5&dpr=2&pid=1.7, 0, -1, 0 
75, scientists/S_bing_75.jpg, 1, https://p.motionelements.com/stock-video/business/me11456103-male-scientist-white-shirt-holds-abstract-ball-his-hands-belarus-4k-a0251.jpg, 0, -1, 0 
76, scientists/S_bing_76.jpg, 1, https://www.bing.com/th?id=OIP.RuDoOUZ3PHdyWhjSaysTcgHaE8&pid=Api&rs=1&p=0, 0, -1, 0 
77, scientists/S_bing_77.jpg, 1, https://www.bing.com/th?id=OIP.Kk00LrU6_zM6efPiQ1NlYAHaFr&w=230&h=177&c=7&o=5&dpr=2&pid=1.7, 0, -1, 0 78, scientist/S_bing_78.jpg, 1, https://blogs.plos.org/speakingofmedicine/files/2014/03/Collin-300x279.jpg, 0, -1, 0 
79, scientist/S_bing_79.jpg, 1, http://www.useoul.edu/upload/news/LEESM.jpg, 0, -1, 0 
80, scientist/S_bing_80.jpg, 1, https://www.sciencemag.org/sites/default/files/styles/article_main_large/public/images/sc-karlbooksh-H.jpg?itok=qP0gvlaW, 0, -1, 0 
81, scientist/S_bing_81.jpg, 1, https://phys.org/newman/gfx/news/hires/2011/siteseeksfee.jpg, 0, -1, 0 
82, scientist/S_bing_82.jpg, 1, https://phys.org/newman/gfx/news/hires/2009/wheelchair_b_325.jpg, 0, -1, 0 
83, scientist/S_bing_83.jpg, 1, http://pvangels.com/news/images/201301/motor0915.jpg, 0, -1, 0 
84, scientist/S_bing_84.jpg, 1, http://dc-cdn.s3-ap-southeast-1.amazonaws.com/dc-Cover-cdiieck5n6hsm0ca6580jfcg63-20160606064813.Medi.jpeg, 0, -1, 0 
85, scientist/S_bing_85.jpg, 1, http://www.engineering.com/portals/0/BlogFiles/duerstock-bookletLO.jpg, 0, -1, 0 
86, scientist/S_bing_86.jpg, 1, https://cdn.technologyreview.com/i/images/2_2.jpg?sw=600&amp;cx=0&amp;cy=0&amp;cw=2000&amp;ch=1333, 0, -1, 0 
87, scientist/S_bing_87.jpg, 1, https://www.bing.com/th?id=OIP.3EXD1DDGyAQwjM1ZT8vHEgHaE9&w=266&h=175&c=7&o=5&dpr=2&pid=1.7, 0, -1, 0 
88, scientist/S_bing_88.jpg, 1, https://www.bing.com/th?id=OIP.BvcU4YZqwLBHUdXA0sqUvgHaHa&w=138&h=172&c=7&o=5&dpr=2&pid=1.7, 0, -1, 0 
89, scientist/S_bing_89.jpg, 1, https://www.bing.com/th?id=OIP.IzA-Y89OWlpGqYtHYrjwqwHaH2&w=130&h=172&c=7&o=5&dpr=2&pid=1.7, 0, -1, 0 
90, scientist/S_bing_90.jpg, 1, https://www.bing.com/th?id=OIP.LgJ-MleKZEarJ9Hk93PfFwHaKG&w=159&h=160&c=7&o=5&dpr=2&pid=1.7, 0, -1, 0 
91, scientist/S_bing_91.jpg, 1, https://www.bing.com/th?id=OIP.C9If84vLsmNEa66PUHftPgHaE8&w=229&h=160&c=7&o=5&dpr=2&pid=1.7, 0, -1, 0 
92, scientist/S_bing_92.jpg, 1, https://www.bing.com/th?id=OIP.C9If84vLsmNEa66PUHftPgHaE8&w=229&h=160&c=7&o=5&dpr=2&pid=1.7, 0, -1, 0 
93, scientist/S_bing_93.jpg, 1, https://www.bing.com/th?id=OIP.W_zS2d1BhlLTFnUIAi9FHgHaGN&w=227&h=183&c=7&o=5&dpr=2&pid=1.7, 0, -1, 0 
94, scientist/S_bing_94.jpg, 1, https://www.bing.com/th?id=OIP.7C6noN6l_Op_nnz5p_BOCAHaFa&w=259&h=183&c=7&o=5&dpr=2&pid=1.7, 0, -1, 0 
95, scientist/S_bing_95.jpg, 1, https://www.bing.com/th?id=OIP.yjCkFeqq9g75kRPI_8B4mwHaD4&w=300&h=157&c=7&o=5&dpr=2&pid=1.7, 0, -1, 0 
96, scientist/S_bing_96.jpg, 1, https://www.bing.com/th?id=OIP.MllYMKkO3b7-GoXKAYBRUgAAAA&w=146&h=160&c=7&o=5&dpr=2&pid=1.7, 0, -1, 0 
97, scientist/S_bing_97.jpg, 1, https://www.bing.com/th?id=OIP.sGyIlDaN7F_8Bn9zlYKf0QHaDt&w=300&h=150&c=7&o=5&dpr=2&pid=1.7, 0, -1, 0 
98, scientist/S_bing_98.jpg, 1, https://www.bing.com/th?id=OIP.fxRlfW6RJSVc15KdDHFuEQHaFa&w=209&h=160&c=7&o=5&dpr=2&pid=1.7, 0, -1, 0 
99, scientist/S_bing_99.jpg, 1, https://media.gettyimages.com/photos/disabled-medical-science-university-student-picture-id87922326, 0, -1, 0 
100, scientist/S_bing_100.jpg, 1, https://www.bing.com/th?id=OIP.UCdpytiFAzKnqWkX6ZflTwHaFj&w=176&h=160&c=7&o=5&dpr=2&pid=1.7, 0, -1, 0 
101, scientist/S_bing_101.jpg, 1, https://www.bing.com/th?id=OIP.hO4idlGa3u07tHuzFY8N2gHaEm&w=300&h=186&c=7&o=5&dpr=2&pid=1.7, 0, -1, 0 
102, scientist/S_bing_102.jpg, 1, https://www.bing.com/th?id=OIP.vaRocPS6AkwwIM5raiw_YQHaE8&w=300&h=194&c=7&o=5&dpr=2&pid=1.7, 0, -1, 0 
103, scientist/S_bing_103.jpg, 1, https://www.bing.com/th?id=OIP.2NCfai94K7wYrcjZya_xmAHaE8&w=299&h=200&c=7&o=5&dpr=2&pid=1.7, 0, -1, 0 
104, scientist/S_bing_104.jpg, 1, https://www.bing.com/th?id=OIP.6Ta-EtNIKdhi-ODkOJBqagHaE8&w=293&h=189&c=7&o=5&dpr=2&pid=1.7, 0, -1, 0 
105, scientist/S_bing_105.jpg, 1, https://www.bing.com/th?id=OIP.AKCf6tyaLITUmBa3jCGq1QHaEK&w=213&h=160&c=7&o=5&dpr=2&pid=1.7, 0, -1, 0 
106, scientist/S_bing_106.jpg, 1, https://www.bing.com/th?id=OIP.Ih64r5XIpMkq8fI2LQ2m8wAAAA&w=141&h=178&c=7&o=5&dpr=2&pid=1.7, 0, -1, 0 
107, scientist/S_bing_107.jpg, 1, https://www.bing.com/th?id=OIP.Oht7e5b5eL8DMHfe7HlDuQHaEK&w=300&h=168&c=7&o=5&dpr=2&pid=1.7, 0, -1, 0 
108, scientist/S_bing_108.jpg, 1, https://www.bing.com/th?id=OIP.KIhLG-7-FtGhXnByqgemswHaE7&w=271&h=160&c=7&o=5&dpr=2&pid=1.7, 0, -1, 0 
109, scientist/S_bing_109.jpg, 1, https://www.bing.com/th?id=OIP.3xHdJUFWfyZCULm0EvKt_AHaIf&w=159&h=178&c=7&o=5&dpr=2&pid=1.7, 0, -1, 0 
110, scientist/S_bing_110.jpg, 1, http://teacher.scholastic.com/activities/bhistory/inventors/images/drew.jpg, 0, -1, 0 
111, scientist/S_bing_111.jpg, 1, https://www.bing.com/th?id=OIP.ziYbgX7Droril1QdCOHCJwHaFS&w=263&h=184&c=7&o=5&dpr=2&pid=1.7, 0, -1, 0 
112, scientist/S_bing_112.jpg, 1, https://www.bing.com/th?id=OIP.w2EhHjn3RlEBrs1-EURl5gHaGZ&w=201&h=174&c=7&o=5&dpr=2&pid=1.7, 0, -1, 0 
113, scientist/S_bing_113.jpg, 1, https://www.bing.com/th?id=OIP.nUbHgKew19VXJwB36dGjjAHaE6&w=282&h=188&c=7&o=5&dpr=2&pid=1.7, 0, -1, 0 
114, scientist/S_bing_114.jpg, 1, http://emeagwali.com/gifs/African_June_1996.jpg, 0, -1, 0 
115, scientist/S_bing_115.jpg, 1, https://www.bing.com/th?id=OIP.kkvyTaXkb_-GhPHAu0wFmAHaF4&w=256&h=203&c=7&o=5&dpr=2&pid=1.7, 0, -1, 0 
116, scientist/S_bing_116.jpg, 1, http://emeagwali.com/photos/stock/african-american-scientist/emeagwali-dark-suit-science-museum-of-minnesota-saint-paul-june-1996.jpg, 0, -1, 0 
117, scientist/S_bing_117.jpg, 1, https://www.ancient-origins.net/sites/default/files/styles/large/public/korean-scientist_0.jpg?itok=OrmCoOrv, 0, -1, 0 
118, scientist/S_bing_118.jpg, 1, https://www.bing.com/th?id=OIP.wzbDgUCRdwnfGc2mhyKiiQHaJp&w=139&h=174&c=7&o=5&dpr=2&pid=1.7, 0, -1, 0 
119, scientist/S_bing_119.jpg, 1, https://www.bing.com/th?id=OIP.VQzZ5pynslIAmWOxJ-ZbeAHaKx&pid=Api&rs=1&p=0, 0, -1, 0 
120, scientist/S_bing_120.jpg, 1, http://blackmissouri.com/digest/wp-content/uploads/2008/02/gwc.jpg, 0, -1, 0 
121, scientist/S_bing_121.jpg, 1, https://www.famousafricanamericans.org/images/scientists/guion-s-bluford.jpg, 0, -1, 0 
122, scientist/S_bing_122.jpg, 1, https://cdn.quotesgram.com/small/66/98/745529556-3415274_f260.jpg, 0, -1, 0 
123, scientist/S_imagenet_123.jpg, 1, http://farm3.static.flickr.com/2766/4322034053_1e4df163f9.jpg, -1, -1, 0, n10560637 
124, scientist/S_imagenet_124.jpg, 1, http://farm5.static.flickr.com/4004/4642803066_33a3b4e4f3.jpg, -1, -1, 0, n10560637 
125, scientist/S_imagenet_125.jpg, 1, http://farm4.static.flickr.com/3416/4642208021_26d091540c.jpg, -1, -1, 0, n10560637 
126, scientist/S_imagenet_126.jpg, 1, http://farm4.static.flickr.com/3120/2847281106_35501c5b41.jpg, -1, -1, 0, n10560637 
127, scientist/S_imagenet_127.jpg, 1, http://farm3.static.flickr.com/2169/2507932888_defb384c06.jpg, -1, -1, 0, n10560637 
128, scientist/S_imagenet_128.jpg, 1, http://farm3.static.flickr.com/2558/3974173058_fa55532803.jpg, -1, -1, 0, n10560637 
129, scientist/S_imagenet_129.jpg, 1, http://farm5.static.flickr.com/4080/4808521043_a42504a889.jpg, -1, -1, 0, n10560637 
130, scientist/S_imagenet_130.jpg, 1, http://farm2.static.flickr.com/1286/4661175144_bf7ceb28ce.jpg, -1, -1, 0, n10560637 
131, scientist/S_imagenet_131.jpg, 1, http://farm5.static.flickr.com/4123/4887839715_33d33727bd.jpg, -1, -1, 0, n10560637 
132, scientist/S_imagenet_132.jpg, 1, http://farm5.static.flickr.com/4038/4661159500_82ce8fc8e5.jpg, -1, -1, 0, n10560637 
133, scientist/S_imagenet_133.jpg, 1, http://farm4.static.flickr.com/3590/3552753906_7ac2057cba.jpg, -1, -1, 0, n10560637 
134, scientist/S_imagenet_134.jpg, 1, http://farm5.static.flickr.com/4071/4661181408_119a8e61e7.jpg, -1, -1, 0, n10560637 
135, scientist/S_imagenet_135.jpg, 1, http://farm2.static.flickr.com/1385/1419264538_94f3ef4606.jpg, -1, -1, 0, n10560637 
136, scientist/S_imagenet_136.jpg, 1, http://farm3.static.flickr.com/2199/2507138027_0e8ba0c616.jpg, -1, -1, 0, n10560637 
137, scientist/S_imagenet_137.jpg, 1, http://farm5.static.flickr.com/4064/4669554592_bbd0365dfd.jpg, -1, -1, 0, n10560637 
138, scientist/S_imagenet_138.jpg, 1, http://www.avans.nl/avm/Lectoraat/Expertisecentrum_Veiligheid/foto%20Khonraad.JPG, -1, -1, 0, n10560637 
139, scientist/S_imagenet_139.jpg, 1, http://farm5.static.flickr.com/4025/4545196902_28aa809ec0.jpg, -1, -1, 0, n10560637 
140, scientist/S_imagenet_140.jpg, 1, http://farm5.static.flickr.com/4046/4661179990_1035afd736.jpg, -1, -1, 0, n10560637 
141, scientist/S_imagenet_141.jpg, 1, http://farm2.static.flickr.com/1185/1256857529_f1d86e9d63.jpg, -1, -1, 0, n10560637 
142, scientist/S_imagenet_142.jpg, 1, http://www.nmo.nl/data/pictures/3594.jpg, -1, -1, 0, n10560637 
143, scientist/S_imagenet_143.jpg, 1, http://farm5.static.flickr.com/4082/4747503978_5cd5f2bb3b.jpg, -1, -1, 0, n10560637 
144, scientist/S_imagenet_144.jpg, 1, http://farm5.static.flickr.com/4147/4963811421_c2c857d5c9.jpg, -1, -1, 0, n10560637 
145, scientist/S_imagenet_145.jpg, 1, http://farm5.static.flickr.com/4010/4699217135_1f6bd27c97.jpg, -1, -1, 0, n10560637 
146, scientist/S_imagenet_146.jpg, 1, http://farm5.static.flickr.com/4102/4921018181_f888726a07.jpg, -1, -1, 0, n10560637 
147, scientist/S_imagenet_147.jpg, 1, http://www.dobermann-review.com/info/genetics/mendels_genetic_laws/Gregor%20Mendel.jpg, -1, -1, 0, n10560637 
148, scientist/S_imagenet_148.jpg, 1, http://biofides.files.wordpress.com/2008/12/galileo-galilei.jpg, -1, -1, 0, n10560637 
149, scientist/S_imagenet_149.jpg, 1, http://farm4.static.flickr.com/3157/2966216853_ca4a46e34c.jpg, -1, -1, 0, n10560637 
150, scientist/S_imagenet_150.jpg, 1, http://www.hln.be/static/FOTO/pe/3/4/13/art_large_99658.jpg, -1, -1, 0, n10560637 
151, scientist/S_imagenet_151.jpg, 1, http://www.symbolic-books.be/images/9789020970722.jpg, -1, -1, 0, n10560637 
152, scientist/S_imagenet_152.jpg, 1, http://ruimtelogs.scilogs.be/gallery/5/Englert%20en%20Brout.png, -1, -1, 0, n10560637 
153, scientist/S_imagenet_153.jpg, 1, http://www.petericepudding.com/batta.jpg, -1, -1, 0, n10560637 
154, scientist/S_imagenet_154.jpg, 1, http://www.science.uva.nl/cache/4CE840D9-3BAB-4DA8-BB8FE6A497F05B9E.KLIKFOTO.jpg, -1, -1, 0, n10560637 
155, scientist/S_imagenet_155.jpg, 1, http://www.agf.nl/nieuws/2008/0708/wetenschao.jpg, -1, -1, 0, n10560637 
156, scientist/S_imagenet_156.jpg, 1, http://farm4.static.flickr.com/3171/2793074287_34b3448326.jpg, -1, -1, 0, n10560637 
157, scientist/S_imagenet_157.jpg, 1, http://users.ox.ac.uk/~theo0038/Pictures/Darwin.jpg, -1, -1, 0, n10560637 
158, scientist/S_imagenet_158.jpg, 1, http://www.teylersmuseum.eu/afbeeldingen/personen/th/bohr.jpg, -1, -1, 0, n10560637 
159, scientist/S_imagenet_159.jpg, 1, http://weblogs.vpro.nl/villa-achterwerk/files/2008/09/2-wetenschapper.jpg, -1, -1, 0, n10560637 
160, scientist/S_imagenet_160.jpg, 1, http://www.tenhove.com/genealogie/tijdgenoten/onnes.jpg, -1, -1, 0, n10560637 
161, scientist/S_imagenet_161.jpg, 1, http://www.engr.utexas.edu/faculty/bios/images/hi/hvikalo106_hi_emm.jpg, -1, -1, 0, n10560637 
162, scientist/S_imagenet_162.jpg, 1, http://users.skynet.be/ovo/MiniJpg/HVerriestII.jpg, -1, -1, 0, n10560637 
163, scientist/S_imagenet_163.jpg, 1, http://www.localscience.nl/afbeeldingen/vonneuman.jpg, -1, -1, 0, n10560637 
164, scientist/S_imagenet_164.jpg, 1, http://www.standaard.be/Assets/Images_Upload/FW_PROFDESTROO.MM.jpg, -1, -1, 0, n10560637 
165, scientist/S_imagenet_165.jpg, 1, http://farm4.static.flickr.com/3079/2507924734_c0f2309e7e.jpg, -1, -1, 0, n10560637 
166, scientist/S_imagenet_166.jpg, 1, http://www.geertkimpen.com/img/interview3.jpg, -1, -1, 0, n10560637 
167, scientist/S_imagenet_167.jpg, 1, http://farm5.static.flickr.com/4118/4890505273_70500a1f4b.jpg, -1, -1, 0, n10560637 
168, scientist/S_imagenet_168.jpg, 1, http://farm3.static.flickr.com/2159/2347840227_e06bedce4e.jpg, -1, -1, 0, n10560637 
169, scientist/S_imagenet_169.jpg, 1, http://upload.wikimedia.org/wikipedia/commons/thumb/6/65/Francis_Bacon.jpg/210px-Francis_Bacon.jpg, -1, -1, 0, n10560637 
170, scientist/S_imagenet_170.jpg, 1, http://www.beemsterbengel.nl/nieuwsarchief/2009/februari/darwin/darwin.jpg, -1, -1, 0, n10560637 
171, scientist/S_imagenet_171.jpg, 1, http://farm5.static.flickr.com/4073/4888436754_844edb48ee.jpg, -1, -1, 0, n10560637 
123, scientist/S_imagenet_123.jpg, 1, http://farm3.static.flickr.com/2766/4322034053_1e4df163f9.jpg, -1, -1, 0, n10560637 
124, scientist/S_imagenet_124.jpg, 1, http://farm5.static.flickr.com/4004/4642803066_33a3b4e4f3.jpg, -1, -1, 0, n10560637 
125, scientist/S_imagenet_125.jpg, 1, http://farm4.static.flickr.com/3416/4642208021_26d091540c.jpg, -1, -1, 0, n10560637 
126, scientist/S_imagenet_126.jpg, 1, http://farm4.static.flickr.com/3120/2847281106_35501c5b41.jpg, -1, -1, 0, n10560637 
127, scientist/S_imagenet_127.jpg, 1, http://farm3.static.flickr.com/2169/2507932888_defb384c06.jpg, -1, -1, 0, n10560637 
128, scientist/S_imagenet_128.jpg, 1, http://farm3.static.flickr.com/2558/3974173058_fa55532803.jpg, -1, -1, 0, n10560637 
129, scientist/S_imagenet_129.jpg, 1, http://farm5.static.flickr.com/4080/4808521043_a42504a889.jpg, -1, -1, 0, n10560637 
130, scientist/S_imagenet_130.jpg, 1, http://farm2.static.flickr.com/1286/4661175144_bf7ceb28ce.jpg, -1, -1, 0, n10560637 
131, scientist/S_imagenet_131.jpg, 1, http://farm5.static.flickr.com/4123/4887839715_33d33727bd.jpg, -1, -1, 0, n10560637 
132, scientist/S_imagenet_132.jpg, 1, http://farm5.static.flickr.com/4038/4661159500_82ce8fc8e5.jpg, -1, -1, 0, n10560637 
133, scientist/S_imagenet_133.jpg, 1, http://farm4.static.flickr.com/3590/3552753906_7ac2057cba.jpg, -1, -1, 0, n10560637 
134, scientist/S_imagenet_134.jpg, 1, http://farm5.static.flickr.com/4071/4661181408_119a8e61e7.jpg, -1, -1, 0, n10560637 
135, scientist/S_imagenet_135.jpg, 1, http://farm2.static.flickr.com/1385/1419264538_94f3ef4606.jpg, -1, -1, 0, n10560637 
136, scientist/S_imagenet_136.jpg, 1, http://farm3.static.flickr.com/2199/2507138027_0e8ba0c616.jpg, -1, -1, 0, n10560637 
137, scientist/S_imagenet_137.jpg, 1, http://farm5.static.flickr.com/4064/4669554592_bbd0365dfd.jpg, -1, -1, 0, n10560637 
138, scientist/S_imagenet_138.jpg, 1, http://www.avans.nl/avm/Lectoraat/Expertisecentrum_Veiligheid/foto%20Khonraad.JPG, -1, -1, 0, n10560637 
139, scientist/S_imagenet_139.jpg, 1, http://farm5.static.flickr.com/4025/4545196902_28aa809ec0.jpg, -1, -1, 0, n10560637 
140, scientist/S_imagenet_140.jpg, 1, http://farm5.static.flickr.com/4046/4661179990_1035afd736.jpg, -1, -1, 0, n10560637 
141, scientist/S_imagenet_141.jpg, 1, http://farm2.static.flickr.com/1185/1256857529_f1d86e9d63.jpg, -1, -1, 0, n10560637 
142, scientist/S_imagenet_142.jpg, 1, http://www.nmo.nl/data/pictures/3594.jpg, -1, -1, 0, n10560637 
143, scientist/S_imagenet_143.jpg, 1, http://farm5.static.flickr.com/4082/4747503978_5cd5f2bb3b.jpg, -1, -1, 0, n10560637 
144, scientist/S_imagenet_144.jpg, 1, http://farm5.static.flickr.com/4147/4963811421_c2c857d5c9.jpg, -1, -1, 0, n10560637 
145, scientist/S_imagenet_145.jpg, 1, http://farm5.static.flickr.com/4010/4699217135_1f6bd27c97.jpg, -1, -1, 0, n10560637 
146, scientist/S_imagenet_146.jpg, 1, http://farm5.static.flickr.com/4102/4921018181_f888726a07.jpg, -1, -1, 0, n10560637 
147, scientist/S_imagenet_147.jpg, 1, http://www.dobermann-review.com/info/genetics/mendels_genetic_laws/Gregor%20Mendel.jpg, -1, -1, 0, n10560637 
148, scientist/S_imagenet_148.jpg, 1, http://biofides.files.wordpress.com/2008/12/galileo-galilei.jpg, -1, -1, 0, n10560637 
149, scientist/S_imagenet_149.jpg, 1, http://farm4.static.flickr.com/3157/2966216853_ca4a46e34c.jpg, -1, -1, 0, n10560637 
150, scientist/S_imagenet_150.jpg, 1, http://www.hln.be/static/FOTO/pe/3/4/13/art_large_99658.jpg, -1, -1, 0, n10560637 
151, scientist/S_imagenet_151.jpg, 1, http://www.symbolic-books.be/images/9789020970722.jpg, -1, -1, 0, n10560637 
152, scientist/S_imagenet_152.jpg, 1, http://ruimtelogs.scilogs.be/gallery/5/Englert%20en%20Brout.png, -1, -1, 0, n10560637 
153, scientist/S_imagenet_153.jpg, 1, http://www.petericepudding.com/batta.jpg, -1, -1, 0, n10560637 
154, scientist/S_imagenet_154.jpg, 1, http://www.science.uva.nl/cache/4CE840D9-3BAB-4DA8-BB8FE6A497F05B9E.KLIKFOTO.jpg, -1, -1, 0, n10560637 
155, scientist/S_imagenet_155.jpg, 1, http://www.agf.nl/nieuws/2008/0708/wetenschao.jpg, -1, -1, 0, n10560637 
156, scientist/S_imagenet_156.jpg, 1, http://farm4.static.flickr.com/3171/2793074287_34b3448326.jpg, -1, -1, 0, n10560637 
157, scientist/S_imagenet_157.jpg, 1, http://users.ox.ac.uk/~theo0038/Pictures/Darwin.jpg, -1, -1, 0, n10560637 
158, scientist/S_imagenet_158.jpg, 1, http://www.teylersmuseum.eu/afbeeldingen/personen/th/bohr.jpg, -1, -1, 0, n10560637 
159, scientist/S_imagenet_159.jpg, 1, http://weblogs.vpro.nl/villa-achterwerk/files/2008/09/2-wetenschapper.jpg, -1, -1, 0, n10560637 
160, scientist/S_imagenet_160.jpg, 1, http://www.tenhove.com/genealogie/tijdgenoten/onnes.jpg, -1, -1, 0, n10560637 
161, scientist/S_imagenet_161.jpg, 1, http://www.engr.utexas.edu/faculty/bios/images/hi/hvikalo106_hi_emm.jpg, -1, -1, 0, n10560637 
162, scientist/S_imagenet_162.jpg, 1, http://users.skynet.be/ovo/MiniJpg/HVerriestII.jpg, -1, -1, 0, n10560637 
163, scientist/S_imagenet_163.jpg, 1, http://www.localscience.nl/afbeeldingen/vonneuman.jpg, -1, -1, 0, n10560637 
164, scientist/S_imagenet_164.jpg, 1, http://www.standaard.be/Assets/Images_Upload/FW_PROFDESTROO.MM.jpg, -1, -1, 0, n10560637 
165, scientist/S_imagenet_165.jpg, 1, http://farm4.static.flickr.com/3079/2507924734_c0f2309e7e.jpg, -1, -1, 0, n10560637 
166, scientist/S_imagenet_166.jpg, 1, http://www.geertkimpen.com/img/interview3.jpg, -1, -1, 0, n10560637 
167, scientist/S_imagenet_167.jpg, 1, http://farm5.static.flickr.com/4118/4890505273_70500a1f4b.jpg, -1, -1, 0, n10560637 
168, scientist/S_imagenet_168.jpg, 1, http://farm3.static.flickr.com/2159/2347840227_e06bedce4e.jpg, -1, -1, 0, n10560637 
169, scientist/S_imagenet_169.jpg, 1, http://upload.wikimedia.org/wikipedia/commons/thumb/6/65/Francis_Bacon.jpg/210px-Francis_Bacon.jpg, -1, -1, 0, n10560637 
170, scientist/S_imagenet_170.jpg, 1, http://www.beemsterbengel.nl/nieuwsarchief/2009/februari/darwin/darwin.jpg, -1, -1, 0, n10560637 
171, scientist/S_imagenet_171.jpg, 1, http://farm5.static.flickr.com/4073/4888436754_844edb48ee.jpg, -1, -1, 0, n10560637 
172, scientist/S_imagenet_172.jpg, 1, http://www.score-magazine.nl/modules/htmlarea/upload/admin2009_123.jpg, -1, -1, 0, n10560637 
173, scientist/S_imagenet_173.jpg, 1, http://www.sterrenstof.info/wp-content/uploads/77307-a1-150x150.jpg, -1, -1, 0, n10560637 
174, scientist/S_imagenet_174.jpg, 1, http://willemmjgroeneveld.webs.com/_MG_4736zw.jpg, -1, -1, 0, n10560637 
175, scientist/S_imagenet_175.jpg, 1, http://farm5.static.flickr.com/4026/4661187120_96e08f7d14.jpg, -1, -1, 0, n10560637 
176, scientist/S_imagenet_176.jpg, 1, http://www.bastion-oranje.nl/MolenschottA.gif, -1, -1, 0, n10560637 
177, scientist/S_imagenet_177.jpg, 1, http://farm4.static.flickr.com/3387/3544137806_28325e9e49.jpg, -1, -1, 0, n10560637 
178, scientist/S_imagenet_178.jpg, 1, http://nl.vivat.be/images/daniken.jpg, -1, -1, 0, n10560637 
179, scientist/S_imagenet_179.jpg, 1, http://farm1.static.flickr.com/28/36407819_f59b7160a9.jpg, -1, -1, 0, n10560637 
180, scientist/S_imagenet_180.jpg, 1, http://www.interactiveoceans.washington.edu/files/io-people_0007_vectorsmartobject_bigger.jpg, -1, -1, 0, n10560637 
181, scientist/S_imagenet_181.jpg, 1, http://farm3.static.flickr.com/2430/3574185379_822e48c0f5.jpg, -1, -1, 0, n10560637 
182, scientist/S_imagenet_182.jpg, 1, http://farm4.static.flickr.com/3554/3544141568_377ca1de7b.jpg, -1, -1, 0, n10560637 
183, scientist/S_imagenet_183.jpg, 1, http://farm5.static.flickr.com/4073/4864441810_7d5a760540.jpg, -1, -1, 0, n10560637 
184, scientist/S_imagenet_184.jpg, 1, http://farm5.static.flickr.com/4049/4479181946_7b24cb12da.jpg, -1, -1, 0, n10560637 
185, scientist/S_imagenet_185.jpg, 1, http://farm4.static.flickr.com/3603/3544158080_ea4fedf32e.jpg, -1, -1, 0, n10560637 
186, scientist/S_imagenet_186.jpg, 1, http://www.lifesitenews.com/ldn/images/Persons2/Edwardgreen.jpg, -1, -1, 0, n10560637 
187, scientist/S_imagenet_187.jpg, 1, http://farm4.static.flickr.com/3282/3543322629_163c96f1d9.jpg, -1, -1, 0, n10560637 
188, scientist/S_imagenet_188.jpg, 1, http://farm4.static.flickr.com/3234/3046349604_90dc09c360.jpg, -1, -1, 0, n10560637 
189, scientist/S_imagenet_189.jpg, 1, http://farm3.static.flickr.com/2032/2507106099_f9ac7f4106.jpg, -1, -1, 0, n10560637 
190, scientist/S_imagenet_190.jpg, 1, http://farm5.static.flickr.com/4028/4642823256_b3e0b1c63c.jpg, -1, -1, 0, n10560637 
191, scientist/S_imagenet_191.jpg, 1, http://farm5.static.flickr.com/4077/4864441530_696e48b209.jpg, -1, -1, 0, n10560637 
192, scientist/S_imagenet_192.jpg, 1, http://farm4.static.flickr.com/3526/3883365063_97e3b54b82.jpg, -1, -1, 0, n10560637 
193, scientist/S_imagenet_193.jpg, 1, http://farm4.static.flickr.com/3062/2846474957_819578d18d.jpg, -1, -1, 0, n10560637 
194, scientist/S_imagenet_194.jpg, 1, http://farm5.static.flickr.com/4070/4706424197_0a8d0b9525.jpg, -1, -1, 0, n10560637 
195, scientist/S_imagenet_195.jpg, 1, http://farm5.static.flickr.com/4011/4707065358_ca640cdb22.jpg, -1, -1, 0, n10560637 
196, scientist/S_imagenet_196.jpg, 1, http://farm3.static.flickr.com/2025/1563385023_2ce6aac195.jpg, -1, -1, 0, n10560637 
197, scientist/S_imagenet_197.jpg, 1, http://farm5.static.flickr.com/4011/4329344972_3443a57b82.jpg, -1, -1, 0, n10560637 
198, scientist/S_imagenet_198.jpg, 1, http://farm4.static.flickr.com/3015/3100799909_55fc690a3e.jpg, -1, -1, 0, n10560637 
199, scientist/S_imagenet_199.jpg, 1, http://farm1.static.flickr.com/102/259286635_5a22d5db19.jpg, -1, -1, 0, n10560637 
200, scientist/S_imagenet_200.jpg, 1, http://farm4.static.flickr.com/3124/2846437613_8a0ccc17fc.jpg, -1, -1, 0, n10560637 
201, scientist/S_imagenet_201.jpg, 1, http://farm3.static.flickr.com/2272/1789711416_fd7d817447.jpg, -1, -1, 0, n10560637 
202, scientist/S_imagenet_202.jpg, 1, http://farm1.static.flickr.com/66/187174781_df7af5de6a.jpg, -1, -1, 0, n10560637 
203, scientist/S_imagenet_203.jpg, 1, http://farm3.static.flickr.com/2583/3771707644_9cdf28ea97.jpg, -1, -1, 0, n10560637 
204, scientist/S_imagenet_204.jpg, 1, http://farm5.static.flickr.com/4073/4890961108_1b07d174ba.jpg, -1, -1, 0, n10560637 
205, scientist/S_imagenet_205.jpg, 1, http://www.buloli.com/Scientist/UploadFiles_1210/200902/2009021909052913.jpg, -1, -1, 0, n10560637 
206, scientist/S_imagenet_206.jpg, 1, http://farm5.static.flickr.com/4079/4863823989_9ecdeca07b.jpg, -1, -1, 0, n10560637 
207, scientist/S_imagenet_207.jpg, 1, http://farm5.static.flickr.com/4116/4885170607_2a568fd219.jpg, -1, -1, 0, n10560637 
208, scientist/S_imagenet_208.jpg, 1, http://farm5.static.flickr.com/4101/4778054078_3bbaee23a6.jpg, -1, -1, 0, n10560637 
209, scientist/S_imagenet_209.jpg, 1, http://farm3.static.flickr.com/2378/2022260852_b1b711316d.jpg, -1, -1, 0, n10560637 
210, scientist/S_imagenet_210.jpg, 1, http://farm4.static.flickr.com/3498/3211970580_a6a02d975f.jpg, -1, -1, 0, n10560637 
211, scientist/S_imagenet_211.jpg, 1, http://farm5.static.flickr.com/4026/4328610435_d3be1beea9.jpg, -1, -1, 0, n10560637 
212, scientist/S_imagenet_212.jpg, 1, http://farm3.static.flickr.com/2192/2332094243_413dfc0f76.jpg, -1, -1, 0, n10560637 
213, scientist/S_imagenet_213.jpg, 1, http://farm4.static.flickr.com/3286/2986028591_0884ba4b97.jpg, -1, -1, 0, n10560637 
214, scientist/S_imagenet_214.jpg, 1, http://farm5.static.flickr.com/4029/4224302242_32ed57304e.jpg, -1, -1, 0, n10560637 
215, scientist/S_imagenet_215.jpg, 1, http://web.tue.nl/cursor/bastiaan/jaargang42/cursor16/deBruijnscherp.jpg, -1, -1, 0, n10560637 
216, scientist/S_imagenet_216.jpg, 1, http://farm3.static.flickr.com/2262/2493710635_eedc15ff9e.jpg, -1, -1, 0, n10560637 
217, scientist/S_imagenet_217.jpg, 1, http://infraredconsultants.com/media/images/people/6/person.jpg, -1, -1, 0, n10560637 
218, scientist/S_imagenet_218.jpg, 1, http://farm4.static.flickr.com/3268/3247782543_2c5d14aa26.jpg, -1, -1, 0, n10560637 
219, scientist/S_imagenet_219.jpg, 1, http://a.abcnews.com/images/WNT/abc_wn_global_warming_denial_080323_ms.jpg, -1, -1, 0, n10560637 
220, scientist/S_imagenet_220.jpg, 1, http://www.comunicacion.amc.edu.mx/comunicacion/noticias/images/cyd-280209-0169g.jpg, -1, -1, 0, n10560637 
221, scientist/S_imagenet_221.jpg, 1, http://farm2.static.flickr.com/1376/979752752_61cd95fa86.jpg, -1, -1, 0, n10560637 
123, scientist/S_imagenet_123.jpg, 1, http://farm1.static.flickr.com/141/374992454_c08eaef745.jpg, -1, -1, 0 , n10560637
123, scientist/S_imagenet_123.jpg, 1, http://www.ioffe.ru/NANO2001/Shorubalko.jpg, -1, -1, 0, n10560637
124, scientist/S_imagenet_124.jpg, 1, http://farm4.static.flickr.com/3510/3257969519_3f1b7ca8f1.jpg, -1, -1, 0, n10560637
125, scientist/S_imagenet_125.jpg, 1, http://www.doctorross.co.za/wp-content/uploads/2008/03/daleenpose.jpg, -1, -1, 0, n10560637
126, scientist/S_imagenet_126.jpg, 1, http://farm4.static.flickr.com/3214/2394785689_770f159e03.jpg, -1, -1, 0, n10560637
127, scientist/S_imagenet_127.jpg, 1, http://www.kamat.com/kalranga/people/famous/c38.jpg, -1, -1, 0, n10560637
128, scientist/S_imagenet_128.jpg, 1, http://photography.si.edu/upload/Images/md_3639_Image_SIL14-t002-05.jpg, -1, -1, 0, n10560637
129, scientist/S_imagenet_129.jpg, 1, https://www.pas.rochester.edu/urpas/files/Budd_Howard_S.jpg, -1, -1, 0, n10560637
130, scientist/S_imagenet_130.jpg, 1, http://static.flickr.com/3577/3352799188_212eca9829.jpg, -1, -1, 0, n10560637
131, scientist/S_imagenet_131.jpg, 1, http://www.alltooflat.com/geeky/scientists/bohr/bohr1.gif, -1, -1, 0, n10560637
132, scientist/S_imagenet_132.jpg, 1, http://en.ce.cn/National/stech/200704/23/W020070423383986623431.jpg, -1, -1, 0, n10560637
133, scientist/S_imagenet_133.jpg, 1, http://farm4.static.flickr.com/3153/2550982215_507b68837c.jpg, -1, -1, 0, n10560637
134, scientist/S_imagenet_134.jpg, 1, http://farm3.static.flickr.com/2077/2246760835_b4b8fc7468.jpg, -1, -1, 0, n10560637
135, scientist/S_imagenet_135.jpg, 1, http://farm3.static.flickr.com/2103/2248957494_3a9792e782.jpg, -1, -1, 0, n10560637
136, scientist/S_imagenet_136.jpg, 1, http://farm3.static.flickr.com/2407/2232250621_ffbe1f1883.jpg, -1, -1, 0, n10560637
137, scientist/S_imagenet_137.jpg, 1, http://farm3.static.flickr.com/2006/2225898359_7490d35ec6.jpg, -1, -1, 0, n10560637
138, scientist/S_imagenet_138.jpg, 1, http://farm4.static.flickr.com/3040/2551576400_ca5dedfcd8.jpg, -1, -1, 0, n10560637
139, scientist/S_imagenet_139.jpg, 1, http://physics.asu.edu/images/news/Chu.JPG, -1, -1, 0, n10560637
140, scientist/S_imagenet_140.jpg, 1, http://farm3.static.flickr.com/2234/2228645148_f743da6b3c.jpg, -1, -1, 0, n10560637
141, scientist/S_imagenet_141.jpg, 1, http://www.ucc.org/news/images/Bernard-dEspagnat-lg.jpg, -1, -1, 0, n10560637
142, scientist/S_imagenet_142.jpg, 1, http://static.flickr.com/120/255790064_d291ecb3e5.jpg, -1, -1, 0, n10560637
143, scientist/S_imagenet_143.jpg, 1, http://upload.wikimedia.org/wikipedia/commons/b/b1/Alfred_Kastler_French_physicist.jpg, -1, -1, 0, n10560637
144, scientist/S_imagenet_144.jpg, 1, http://farm3.static.flickr.com/2157/2243025980_c467f315d6.jpg, -1, -1, 0, n10560637
145, scientist/S_imagenet_145.jpg, 1, http://static.flickr.com/3266/2364073081_1fa496d38b.jpg, -1, -1, 0, n10560637
146, scientist/S_imagenet_146.jpg, 1, http://www.ia.ucsb.edu/93106/2007/March19/Images/1_Physicist-1a.jpg, -1, -1, 0, n10560637
147, scientist/S_imagenet_147.jpg, 1, http://farm3.static.flickr.com/2020/2229213636_edef84ed9d.jpg, -1, -1, 0, n10560637
148, scientist/S_imagenet_148.jpg, 1, http://www.jerrypippin.com/Russell%20Targ%2002.jpg, -1, -1, 0, n10560637
149, scientist/S_imagenet_149.jpg, 1, http://farm3.static.flickr.com/2023/2233051086_91526fa35e.jpg, -1, -1, 0, n10560637
150, scientist/S_imagenet_150.jpg, 1, http://farm3.static.flickr.com/2448/3843359080_7e2c687272.jpg, -1, -1, 0, n10560637
151, scientist/S_imagenet_151.jpg, 1, http://lifestyle.iloveindia.com/lounge/images/albert-einstein.jpg, -1, -1, 0, n10560637
152, scientist/S_imagenet_152.jpg, 1, http://farm4.static.flickr.com/3069/2551015907_f8bb928f62.jpg, -1, -1, 0, n10560637
153, scientist/S_imagenet_153.jpg, 1, http://farm3.static.flickr.com/2046/2144509698_0520dd1e03.jpg, -1, -1, 0, n10560637
154, scientist/S_imagenet_154.jpg, 1, http://farm1.static.flickr.com/89/262475187_fdf3af276f.jpg, -1, -1, 0, n10560637
155, scientist/S_imagenet_155.jpg, 1, http://farm3.static.flickr.com/2075/2366387027_a6e15d3e93.jpg, -1, -1, 0, n10560637
156, scientist/S_imagenet_156.jpg, 1, http://farm3.static.flickr.com/2382/2233261462_ec84a57958.jpg, -1, -1, 0, n10560637
157, scientist/S_imagenet_157.jpg, 1, http://farm3.static.flickr.com/2301/2228673764_680c8edf40.jpg, -1, -1, 0, n10560637
222, scientist/S_imagenet_222.jpg, 1, http://www.ioffe.ru/NANO2001/Shorubalko.jpg, -1, -1, 0, n10560637
223, scientist/S_imagenet_223.jpg, 1, http://farm4.static.flickr.com/3510/3257969519_3f1b7ca8f1.jpg, -1, -1, 0, n10560637
224, scientist/S_imagenet_224.jpg, 1, http://www.doctorross.co.za/wp-content/uploads/2008/03/daleenpose.jpg, -1, -1, 0, n10560637
225, scientist/S_imagenet_225.jpg, 1, http://farm4.static.flickr.com/3214/2394785689_770f159e03.jpg, -1, -1, 0, n10560637
226, scientist/S_imagenet_226.jpg, 1, http://www.kamat.com/kalranga/people/famous/c38.jpg, -1, -1, 0, n10560637
227, scientist/S_imagenet_227.jpg, 1, http://photography.si.edu/upload/Images/md_3639_Image_SIL14-t002-05.jpg, -1, -1, 0, n10560637
228, scientist/S_imagenet_228.jpg, 1, https://www.pas.rochester.edu/urpas/files/Budd_Howard_S.jpg, -1, -1, 0, n10560637
229, scientist/S_imagenet_229.jpg, 1, http://static.flickr.com/3577/3352799188_212eca9829.jpg, -1, -1, 0, n10560637
230, scientist/S_imagenet_230.jpg, 1, http://www.alltooflat.com/geeky/scientists/bohr/bohr1.gif, -1, -1, 0, n10560637
231, scientist/S_imagenet_231.jpg, 1, http://en.ce.cn/National/stech/200704/23/W020070423383986623431.jpg, -1, -1, 0, n10560637
232, scientist/S_imagenet_232.jpg, 1, http://farm4.static.flickr.com/3153/2550982215_507b68837c.jpg, -1, -1, 0, n10560637
233, scientist/S_imagenet_233.jpg, 1, http://farm3.static.flickr.com/2077/2246760835_b4b8fc7468.jpg, -1, -1, 0, n10560637
234, scientist/S_imagenet_234.jpg, 1, http://farm3.static.flickr.com/2103/2248957494_3a9792e782.jpg, -1, -1, 0, n10560637
235, scientist/S_imagenet_235.jpg, 1, http://farm3.static.flickr.com/2407/2232250621_ffbe1f1883.jpg, -1, -1, 0, n10560637
236, scientist/S_imagenet_236.jpg, 1, http://farm3.static.flickr.com/2006/2225898359_7490d35ec6.jpg, -1, -1, 0, n10560637
237, scientist/S_imagenet_237.jpg, 1, http://farm4.static.flickr.com/3040/2551576400_ca5dedfcd8.jpg, -1, -1, 0, n10560637
238, scientist/S_imagenet_238.jpg, 1, http://physics.asu.edu/images/news/Chu.JPG, -1, -1, 0, n10560637
239, scientist/S_imagenet_239.jpg, 1, http://farm3.static.flickr.com/2234/2228645148_f743da6b3c.jpg, -1, -1, 0, n10560637
240, scientist/S_imagenet_240.jpg, 1, http://www.ucc.org/news/images/Bernard-dEspagnat-lg.jpg, -1, -1, 0, n10560637
241, scientist/S_imagenet_241.jpg, 1, http://static.flickr.com/120/255790064_d291ecb3e5.jpg, -1, -1, 0, n10560637
242, scientist/S_imagenet_242.jpg, 1, http://upload.wikimedia.org/wikipedia/commons/b/b1/Alfred_Kastler_French_physicist.jpg, -1, -1, 0, n10560637
243, scientist/S_imagenet_243.jpg, 1, http://farm3.static.flickr.com/2157/2243025980_c467f315d6.jpg, -1, -1, 0, n10560637
244, scientist/S_imagenet_244.jpg, 1, http://static.flickr.com/3266/2364073081_1fa496d38b.jpg, -1, -1, 0, n10560637
245, scientist/S_imagenet_245.jpg, 1, http://www.ia.ucsb.edu/93106/2007/March19/Images/1_Physicist-1a.jpg, -1, -1, 0, n10560637
246, scientist/S_imagenet_246.jpg, 1, http://farm3.static.flickr.com/2020/2229213636_edef84ed9d.jpg, -1, -1, 0, n10560637
247, scientist/S_imagenet_247.jpg, 1, http://www.jerrypippin.com/Russell%20Targ%2002.jpg, -1, -1, 0, n10560637
248, scientist/S_imagenet_248.jpg, 1, http://farm3.static.flickr.com/2023/2233051086_91526fa35e.jpg, -1, -1, 0, n10560637
249, scientist/S_imagenet_249.jpg, 1, http://farm3.static.flickr.com/2448/3843359080_7e2c687272.jpg, -1, -1, 0, n10560637
250, scientist/S_imagenet_250.jpg, 1, http://lifestyle.iloveindia.com/lounge/images/albert-einstein.jpg, -1, -1, 0, n10560637
251, scientist/S_imagenet_251.jpg, 1, http://farm4.static.flickr.com/3069/2551015907_f8bb928f62.jpg, -1, -1, 0, n10560637
252, scientist/S_imagenet_252.jpg, 1, http://farm3.static.flickr.com/2046/2144509698_0520dd1e03.jpg, -1, -1, 0, n10560637
253, scientist/S_imagenet_253.jpg, 1, http://farm1.static.flickr.com/89/262475187_fdf3af276f.jpg, -1, -1, 0, n10560637
254, scientist/S_imagenet_254.jpg, 1, http://farm3.static.flickr.com/2075/2366387027_a6e15d3e93.jpg, -1, -1, 0, n10560637
255, scientist/S_imagenet_255.jpg, 1, http://farm3.static.flickr.com/2382/2233261462_ec84a57958.jpg, -1, -1, 0, n10560637
256, scientist/S_imagenet_256.jpg, 1, http://farm3.static.flickr.com/2301/2228673764_680c8edf40.jpg, -1, -1, 0, n10560637
257, scientist/S_imagenet_257.jpg, 1, http://www.lanl.gov/orgs/pa/News/serber_robert.jpeg, -1, -1, 0, n10560637
258, scientist/S_imagenet_258.jpg, 1, http://www.dur.ac.uk/images/physics/newsandevents/King_small.JPG, -1, -1, 0, n10560637
259, scientist/S_imagenet_259.jpg, 1, http://www.bcg.com/img/people/seibold_martin_lg.gif, -1, -1, 0, n10560637
260, scientist/S_imagenet_260.jpg, 1, http://www.jgiesen.de/WerIstEs/333.gif, -1, -1, 0, n10560637
261, scientist/S_imagenet_261.jpg, 1, http://quake.usgs.gov/research/physics/images/cores.jpg, -1, -1, 0, n10560637
262, scientist/S_imagenet_262.jpg, 1, http://farm3.static.flickr.com/2353/2227179540_3ef9570c14.jpg, -1, -1, 0, n10560637
263, scientist/S_imagenet_263.jpg, 1, http://farm3.static.flickr.com/2116/2228786399_c3fd7561fe.jpg, -1, -1, 0, n10560637
264, scientist/S_imagenet_264.jpg, 1, http://farm3.static.flickr.com/2163/2213765599_a5d8d497cf.jpg, -1, -1, 0, n10560637
265, scientist/S_imagenet_265.jpg, 1, http://www.physics.otago.ac.nz/space/Rob_Pres_India_pic_WEB.jpg, -1, -1, 0, n10560637
266, scientist/S_imagenet_266.jpg, 1, http://www1.pictures.gi.zimbio.com/American+Scientist+Shares+Nobel+Prize+Physics+189o1_W82I4l.jpg, -1, -1, 0, n10560637
267, scientist/S_imagenet_267.jpg, 1, http://www.anl.gov/Media_Center/News/2008/photo/080404_physicists-200.jpg, -1, -1, 0, n10560637
268, scientist/S_imagenet_268.jpg, 1, http://www.aaas.org/news/releases/2007/images/0703brazil.jpg, -1, -1, 0, n10560637
269, scientist/S_imagenet_269.jpg, 1, http://www.liaoning-gateway.com/74591968339951616/20081010/1078805.jpg, -1, -1, 0, n10560637
270, scientist/S_imagenet_270.jpg, 1, http://farm3.static.flickr.com/2291/2364903274_aeb9400d87.jpg, -1, -1, 0, n10560637
271, scientist/S_imagenet_271.jpg, 1, http://farm3.static.flickr.com/2378/2234003798_3a0ede1b3d.jpg, -1, -1, 0, n10560637
272, scientist/S_imagenet_272.jpg, 1, http://farm3.static.flickr.com/2061/2232672331_81090a8f29.jpg, -1, -1, 0, n10560637
273, scientist/S_imagenet_273.jpg, 1, http://farm3.static.flickr.com/2170/2242311733_d773ac1485.jpg, -1, -1, 0, n10560637
274, scientist/S_imagenet_274.jpg, 1, http://farm3.static.flickr.com/2092/2213791383_8c39b76d34.jpg, -1, -1, 0, n10560637
275, scientist/S_imagenet_275.jpg, 1, http://farm3.static.flickr.com/2323/2364902824_85a9e45266.jpg, -1, -1, 0, n10560637
276, scientist/S_imagenet_276.jpg, 1, http://farm3.static.flickr.com/2173/2126477115_e8495ee6d6.jpg, -1, -1, 0, n10560637
277, scientist/S_imagenet_277.jpg, 1, http://farm3.static.flickr.com/2226/2367173348_744a9853bf.jpg, -1, -1, 0, n10560637
278, scientist/S_imagenet_278.jpg, 1, http://farm3.static.flickr.com/2149/2243069998_b41f262a08.jpg, -1, -1, 0, n10560637
279, scientist/S_imagenet_279.jpg, 1, http://farm3.static.flickr.com/2132/2106379256_f46a7c6f3f.jpg, -1, -1, 0, n10560637
280, scientist/S_imagenet_280.jpg, 1, http://farm3.static.flickr.com/2390/2366133445_70541c0f55.jpg, -1, -1, 0, n10560637
281, scientist/S_imagenet_281.jpg, 1, http://farm3.static.flickr.com/2079/2225917505_469dddc951.jpg, -1, -1, 0, n10560637
282, scientist/S_imagenet_282.jpg, 1, http://farm3.static.flickr.com/2402/2367007618_34307cf155.jpg, -1, -1, 0, n10560637
283, scientist/S_imagenet_283.jpg, 1, http://farm3.static.flickr.com/2176/2214690558_d0c3bc9b9e.jpg, -1, -1, 0, n10560637
284, scientist/S_imagenet_284.jpg, 1, http://farm3.static.flickr.com/2133/2246569547_bdbd520de9.jpg, -1, -1, 0, n10560637
285, scientist/S_imagenet_285.jpg, 1, http://farm4.static.flickr.com/3003/2550746151_67c6240fe8.jpg, -1, -1, 0, n10560637
286, scientist/S_imagenet_286.jpg, 1, http://farm3.static.flickr.com/2343/2225762551_839795cfab.jpg, -1, -1, 0, n10560637
287, scientist/S_imagenet_287.jpg, 1, http://farm2.static.flickr.com/1387/1391939986_6b0be3f214.jpg, -1, -1, 0, n10560637
288, scientist/S_imagenet_288.jpg, 1, http://farm4.static.flickr.com/3101/2552869059_7ef7e72ac8.jpg, -1, -1, 0, n10560637
289, scientist/S_imagenet_289.jpg, 1, http://farm3.static.flickr.com/2272/2233184929_222e97243c.jpg, -1, -1, 0, n10560637
290, scientist/S_imagenet_290.jpg, 1, http://farm4.static.flickr.com/3550/3875782380_fe5cb5a44b.jpg, -1, -1, 0, n10560637
291, scientist/S_imagenet_291.jpg, 1, http://farm3.static.flickr.com/2070/2090791601_c49a29d3a6.jpg, -1, -1, 0, n10560637
292, scientist/S_imagenet_292.jpg, 1, http://farm4.static.flickr.com/3018/2551017547_68b1a49b32.jpg, -1, -1, 0, n10560637
293, scientist/S_imagenet_293.jpg, 1, http://farm3.static.flickr.com/2522/3852046089_e6abcb099e.jpg, -1, -1, 0, n10560637
294, scientist/S_imagenet_294.jpg, 1, http://farm4.static.flickr.com/3288/2364071027_64805b467f.jpg, -1, -1, 0, n10560637
295, scientist/S_imagenet_295.jpg, 1, http://farm4.static.flickr.com/3099/2551826378_964b28b3f6.jpg, -1, -1, 0, n10560637
296, scientist/S_imagenet_296.jpg, 1, http://farm1.static.flickr.com/121/279133663_c179f4d024.jpg, -1, -1, 0, n10560637
297, scientist/S_imagenet_297.jpg, 1, http://ur.rutgers.edu/focus/images/articleimages/142.jpg, -1, -1, 0, n10560637
298, scientist/S_imagenet_298.jpg, 1, http://farm4.static.flickr.com/3116/2550982925_1b7cde5a28.jpg, -1, -1, 0, n10560637
299, scientist/S_imagenet_299.jpg, 1, http://farm3.static.flickr.com/2154/2214661878_82431b9a2d.jpg, -1, -1, 0, n10560637
300, scientist/S_imagenet_300.jpg, 1, http://www.alexwg.org/AroundTown070717.jpg, -1, -1, 0, n10560637
301, scientist/S_imagenet_301.jpg, 1, http://farm3.static.flickr.com/2518/3842670563_b910f4d7b4.jpg, -1, -1, 0, n10560637
302, scientist/S_imagenet_302.jpg, 1, http://www.grenswetenschap.nl/images/artikelfoto/hawkingfoto.jpg, -1, -1, 0, n10560637
303, scientist/S_imagenet_303.jpg, 1, http://4.bp.blogspot.com/_E_K7NhM5LnI/SCinx_LKbEI/AAAAAAAAABA/bhwIY3JQzm0/s320/scientistsx.jpg, -1, -1, 0, n10560637
304, scientist/S_imagenet_304.jpg, 1, http://www.bnl.gov/bnlweb/pubaf/photos/goldhaberprize.jpg, -1, -1, 0, n10560637
305, scientist/S_imagenet_305.jpg, 1, http://latimesblogs.latimes.com/photos/uncategorized/2009/02/09/steven_chu.jpg, -1, -1, 0, n10560637
306, scientist/S_imagenet_306.jpg, 1, http://farm4.static.flickr.com/3035/2551070939_2225383f64.jpg, -1, -1, 0, n10560637
307, scientist/S_imagenet_307.jpg, 1, http://farm3.static.flickr.com/2282/2127302468_b0540c3339.jpg, -1, -1, 0, n10560637
308, scientist/S_imagenet_308.jpg, 1, http://farm3.static.flickr.com/2425/3852838940_32d6a5ea69.jpg, -1, -1, 0, n10560637
309, scientist/S_imagenet_309.jpg, 1, http://www.exir.org/images/yarshater1.jpg, -1, -1, 0, n10560637
310, scientist/S_imagenet_310.jpg, 1, http://farm1.static.flickr.com/79/280104277_35342f7889.jpg, -1, -1, 0, n10560637
311, scientist/S_imagenet_311.jpg, 1, http://farm3.static.flickr.com/2033/2551884992_05990bd876.jpg, -1, -1, 0, n10560637
312, scientist/S_imagenet_312.jpg, 1, http://farm3.static.flickr.com/2557/3885088848_05e0a27e3f.jpg, -1, -1, 0, n10560637
313, scientist/S_imagenet_313.jpg, 1, http://wwwimage.cbsnews.com/images/2008/10/07/image4505605g.jpg, -1, -1, 0, n10560637
314, scientist/S_imagenet_314.jpg, 1, http://advance.uconn.edu/2006/061211/images/Shumway3.jpg, -1, -1, 0, n10560637
315, scientist/S_imagenet_315.jpg, 1, http://farm3.static.flickr.com/2246/2214714414_c3784992ee.jpg, -1, -1, 0, n10560637
316, scientist/S_imagenet_316.jpg, 1, http://3.bp.blogspot.com/_AWyWOFe-P9w/Sec4K1OG1jI/AAAAAAAAAQo/YWeHmU41M5U/s400/greenekrauss.jpg, -1, -1, 0, n10560637
317, scientist/S_imagenet_317.jpg, 1, http://farm4.static.flickr.com/3248/2364072547_3bf2fc670d.jpg, -1, -1, 0, n10560637
318, scientist/S_imagenet_318.jpg, 1, http://farm4.static.flickr.com/3519/3261452710_8ca23b1846.jpg, -1, -1, 0, n10560637
319, scientist/S_imagenet_319.jpg, 1, http://farm3.static.flickr.com/2231/2127294598_43be6a4981.jpg, -1, -1, 0, n10560637
320, scientist/S_imagenet_320.jpg, 1, http://img.photobucket.com/albums/v647/firdooze/6264_nobel_physics_2007.png, -1, -1, 0, n10560637
321, scientist/S_imagenet_321.jpg, 1, http://farm4.static.flickr.com/3292/2959724081_edf0788f60.jpg, -1, -1, 0, n10560637
322, scientist/S_imagenet_322.jpg, 1, http://farm1.static.flickr.com/84/278661084_3a4bb463c5.jpg, -1, -1, 0, n10560637
323, scientist/S_imagenet_323.jpg, 1, http://www.niu.edu/northerntoday/2003/jun9/images/Extruder-3.jpg, -1, -1, 0, n10560637
324, scientist/S_imagenet_324.jpg, 1, http://www.nature.com/bdj/journal/v202/n10/images/bdj.2007.446-i1.jpg, -1, -1, 0, n10560637
325, scientist/S_imagenet_325.jpg, 1, http://farm3.static.flickr.com/2070/2228707286_11e0360e4c.jpg, -1, -1, 0, n10560637
326, scientist/S_imagenet_326.jpg, 1, http://farm4.static.flickr.com/3272/2536834552_f9d7e71c4c.jpg, -1, -1, 0, n10560637
327, scientist/S_imagenet_327.jpg, 1, http://farm4.static.flickr.com/3039/2364071799_1e1343b327.jpg, -1, -1, 0, n10560637
328, scientist/S_imagenet_328.jpg, 1, http://www.sattlers.org/mickey/culture/memoriam/feynmanRichard/images/FeynmanTheYounger.jpg, -1, -1, 0, n10560637
329, scientist/S_imagenet_329.jpg, 1, http://fast.mediamatic.nl/f/grjx/image/607/681-200-300.jpg, -1, -1, 0, n10560637
330, scientist/S_imagenet_330.jpg, 1, http://farm3.static.flickr.com/2317/2242996618_e581f5e536.jpg, -1, -1, 0, n10560637
331, scientist/S_imagenet_331.jpg, 1, http://farm3.static.flickr.com/2225/2233986660_cccd3358d5.jpg, -1, -1, 0, n10560637
332, scientist/S_imagenet_332.jpg, 1, http://farm3.static.flickr.com/2251/2227812897_28e99c0a24.jpg, -1, -1, 0, n10560637
333, scientist/S_imagenet_333.jpg, 1, http://farm3.static.flickr.com/2262/2233338627_06626dd10a.jpg, -1, -1, 0, n10560637
334, scientist/S_imagenet_334.jpg, 1, http://farm4.static.flickr.com/3184/2960566064_436e54198b.jpg, -1, -1, 0, n10560637
335, scientist/S_imagenet_335.jpg, 1, http://farm3.static.flickr.com/2028/2228770883_16404bc414.jpg, -1, -1, 0, n10560637
336, scientist/S_imagenet_336.jpg, 1, http://www.cs.cuw.edu/csc/csc175/project/remeza/history/Pascal.jpg, -1, -1, 0, n10560637
337, scientist/S_imagenet_337.jpg, 1, http://cnls.lanl.gov/Conferences/krumhansl_symp/index.1.jpg, -1, -1, 0, n10560637
338, scientist/S_imagenet_338.jpg, 1, http://farm3.static.flickr.com/2030/2233853872_e5dbc97b2a.jpg, -1, -1, 0, n10560637
339, scientist/S_imagenet_339.jpg, 1, http://news.uns.purdue.edu/images/+2005/rodriguez-clusterLO.jpg, -1, -1, 0, n10560637
340, scientist/S_imagenet_340.jpg, 1, http://particle.physics.ucdavis.edu/Graphics/physics/davidgross.jpg, -1, -1, 0, n10560637
341, scientist/S_imagenet_341.jpg, 1, http://farm3.static.flickr.com/2398/2367230100_a91465baa8.jpg, -1, -1, 0, n10560637
342, scientist/S_imagenet_342.jpg, 1, http://tinker.it/now/wp-content/uploads/2007/09/janne.jpg, -1, -1, 0, n10560637
343, scientist/S_imagenet_343.jpg, 1, http://farm3.static.flickr.com/2221/2225667907_bc46509cb1.jpg, -1, -1, 0, n10560637
344, scientist/S_imagenet_344.jpg, 1, http://farm3.static.flickr.com/2105/2242305705_b9bb25945b.jpg, -1, -1, 0, n10560637
345, scientist/S_imagenet_345.jpg, 1, http://www.portnews.com.au/multimedia/images/full/355159.jpg, -1, -1, 0, n10560637
346, scientist/S_imagenet_346.jpg, 1, http://farm3.static.flickr.com/2201/2233220213_acc8f1d636.jpg, -1, -1, 0, n10560637
347, scientist/S_imagenet_347.jpg, 1, http://farm4.static.flickr.com/3159/2575986048_6d8f5a5a5e.jpg, -1, -1, 0, n10560637
348, scientist/S_imagenet_348.jpg, 1, http://www.natuurkunde.nl/servlet/supportBinaryFiles?referenceId=0&supportId=678470, -1, -1, 0, n10560637
349, scientist/S_imagenet_349.jpg, 1, http://farm4.static.flickr.com/3272/2552869465_2cd1b6142f.jpg, -1, -1, 0, n10560637
350, scientist/S_imagenet_350.jpg, 1, http://www.ctns.org/ssq/Pictures/Roy_photo.gif, -1, -1, 0, n10560637
351, scientist/S_imagenet_351.jpg, 1, http://www.abc.net.au/quantum/scripts99/9902/img/elecman.jpg, -1, -1, 0, n10560637
352, scientist/S_imagenet_352.jpg, 1, http://www.maxwellyear2006.org/assets/images/Mahon03.jpg, -1, -1, 0, n10560637
353, scientist/S_imagenet_353.jpg, 1, http://wdrs.fnal.gov/employ/hogan.jpg, -1, -1, 0, n10560637
354, scientist/S_imagenet_354.jpg, 1, http://farm3.static.flickr.com/2258/2226642544_02ae17a567.jpg, -1, -1, 0, n10560637
355, scientist/S_imagenet_355.jpg, 1, http://www.abdn.ac.uk/mediareleases/uploads/164MALLAGRD-IMAGE.jpg, -1, -1, 0, n10560637
356, scientist/S_imagenet_356.jpg, 1, http://farm3.static.flickr.com/2202/2233325827_5b3dc926ed.jpg, -1, -1, 0, n10560637
357, scientist/S_imagenet_357.jpg, 1, http://www.math.buffalo.edu/mad/PIX2/ilesanmi_adesida3.jpg, -1, -1, 0, n10560637
358, scientist/S_imagenet_358.jpg, 1, http://www.agci.org/dB/ScientistPhotos/LWood_small.jpg, -1, -1, 0, n10560637
359, scientist/S_imagenet_359.jpg, 1, http://ndeaa.jpl.nasa.gov/nasa-nde/yosi/Yosi-JPL_High-Resolution-Photo.jpg, -1, -1, 0, n10560637
360, scientist/S_imagenet_360.jpg, 1, http://images.the-scientist.com/content/images/articles/36676/54-1.jpg, -1, -1, 0, n10560637
361, scientist/S_imagenet_361.jpg, 1, http://farm3.static.flickr.com/2105/2241965387_a723c4c4b9.jpg, -1, -1, 0, n10560637
362, scientist/S_imagenet_362.jpg, 1, http://www.dawn.com/weekly/science/archive/050108/images/science8.jpg, -1, -1, 0, n10560637
363, scientist/S_imagenet_363.jpg, 1, http://www.jlab.org/news/news_letter/2007/20071005/JA_photo.jpg, -1, -1, 0, n10560637
364, scientist/S_imagenet_364.jpg, 1, http://farm3.static.flickr.com/2210/2127326784_bb7cc43c90.jpg, -1, -1, 0, n10560637
365, scientist/S_imagenet_365.jpg, 1, http://www.bisd.us/hanna/physics04/ice/ackley-web.gif, -1, -1, 0, n10560637
366, scientist/S_imagenet_366.jpg, 1, http://madscientist.org.uk/biopics/sgranade.jpg, -1, -1, 0, n10560637
367, scientist/S_imagenet_367.jpg, 1, http://farm3.static.flickr.com/2298/2126593511_d3dc7850dd.jpg, -1, -1, 0, n10560637
368, scientist/S_imagenet_368.jpg, 1, http://farm3.static.flickr.com/2271/2229235598_d482f5e00b.jpg, -1, -1, 0, n10560637
369, scientist/S_imagenet_369.jpg, 1, http://farm3.static.flickr.com/2362/2364906768_0d58844db7.jpg, -1, -1, 0, n10560637
370, scientist/S_imagenet_370.jpg, 1, http://farm4.static.flickr.com/3550/3640990203_be9a1126f4.jpg, -1, -1, 0, n10560637
371, scientist/S_imagenet_371.jpg, 1, http://upload.wikimedia.org/wikipedia/en/thumb/1/14/Professor_Piara_Singh_Gill.jpg/180px-Professor_Piara_Singh_Gill.jpg, -1, -1, 0, n10560637
372, scientist/S_imagenet_372.jpg, 1, http://www.harima.riken.go.jp/img/portrait/shintake.jpg, -1, -1, 0, n10560637
373, scientist/S_imagenet_373.jpg, 1, http://www.ukma.org.uk/images/newton.gif, -1, -1, 0, n10560637
374, scientist/S_imagenet_374.jpg, 1, http://farm4.static.flickr.com/3011/2550982609_527e907892.jpg, -1, -1, 0, n10560637
375, scientist/S_imagenet_375.jpg, 1, http://farm3.static.flickr.com/2022/3843359100_f0420d6a05.jpg, -1, -1, 0, n10560637
376, scientist/S_imagenet_376.jpg, 1, http://www.scienceenthusiast.com/images/scientist-tornado.jpg, -1, -1, 0, n10560637
377, scientist/S_imagenet_377.jpg, 1, http://aycu30.webshots.com/image/3389/2000869639953733970_rs.jpg, -1, -1, 0, n10560637
378, scientist/S_imagenet_378.jpg, 1, http://apsweb.aps.org/programs/women/images/cheriekagan.jpg, -1, -1, 0, n10560637
379, scientist/S_imagenet_379.jpg, 1, http://farm3.static.flickr.com/2324/2233185953_469af3bdd1.jpg, -1, -1, 0, n10560637
380, scientist/S_imagenet_380.jpg, 1, http://farm3.static.flickr.com/2213/2234161702_8893887a5d.jpg, -1, -1, 0, n10560637
381, scientist/S_imagenet_381.jpg, 1, http://farm3.static.flickr.com/2251/2232148874_a3cb56e030.jpg, -1, -1, 0, n10560637
382, scientist/S_imagenet_382.jpg, 1, http://physicsclub.hpccss.edu.hk/maxwell.jpg, -1, -1, 0, n10560637
383, scientist/S_imagenet_383.jpg, 1, http://www.physics.umd.edu/news/photon/iss032/images/paik.gif, -1, -1, 0, n10560637
384, scientist/S_imagenet_384.jpg, 1, http://homepage.mac.com/karlek/.Public/Photo6.jpg, -1, -1, 0, n10560637
385, scientist/S_imagenet_385.jpg, 1, http://farm3.static.flickr.com/2458/3888052904_5ed915210b.jpg, -1, -1, 0, n10560637
386, scientist/S_imagenet_386.jpg, 1, http://www2.le.ac.uk/ebulletin/people/honours-and-awards/2000-2009/2005/10/npimageset-3ns-kpw-gfd/article, -1, -1, 0, n10560637
387, scientist/S_imagenet_387.jpg, 1, http://farm3.static.flickr.com/2253/2234251462_4f4884677b.jpg, -1, -1, 0, n10560637
388, scientist/S_imagenet_388.jpg, 1, http://farm1.static.flickr.com/209/493777259_99eba63929.jpg, -1, -1, 0, n10560637
389, scientist/S_imagenet_389.jpg, 1, http://farm3.static.flickr.com/2118/2234211294_4ae7bdec25.jpg, -1, -1, 0, n10560637
390, scientist/S_imagenet_390.jpg, 1, http://farm3.static.flickr.com/2326/2232456489_6edb877944.jpg, -1, -1, 0, n10560637
391, scientist/S_imagenet_391.jpg, 1, http://farm3.static.flickr.com/2349/2243004032_1f21ec658f.jpg, -1, -1, 0, n10560637
392, scientist/S_imagenet_392.jpg, 1, http://farm3.static.flickr.com/2096/2233176949_f2eee211ef.jpg, -1, -1, 0, n10560637
393, scientist/S_imagenet_393.jpg, 1, http://farm4.static.flickr.com/3166/2925375600_02d2d4db90.jpg, -1, -1, 0, n10560637
394, scientist/S_imagenet_394.jpg, 1, http://farm3.static.flickr.com/2212/2225960689_18af7cf925.jpg, -1, -1, 0, n10560637
395, scientist/S_imagenet_395.jpg, 1, http://farm3.static.flickr.com/2053/2233409951_7d57c6960e.jpg, -1, -1, 0, n10560637
396, scientist/S_imagenet_396.jpg, 1, http://farm3.static.flickr.com/2351/2242288997_36eddd162b.jpg, -1, -1, 0, n10560637
397, scientist/S_imagenet_397.jpg, 1, http://farm3.static.flickr.com/2409/2241259797_33fd5bc582.jpg, -1, -1, 0, n10560637
398, scientist/S_imagenet_398.jpg, 1, http://farm4.static.flickr.com/3156/2553640420_cd7e040c4f.jpg, -1, -1, 0, n10560637
399, scientist/S_imagenet_399.jpg, 1, http://farm3.static.flickr.com/2330/2366197125_71d843dbc9.jpg, -1, -1, 0, n10560637
400, scientist/S_imagenet_400.jpg, 1, http://farm3.static.flickr.com/2157/2105605265_031f632d99.jpg, -1, -1, 0, n10560637
401, scientist/S_imagenet_401.jpg, 1, http://farm3.static.flickr.com/2143/2234224264_bca18e87ed.jpg, -1, -1, 0, n10560637
402, scientist/S_imagenet_402.jpg, 1, http://farm4.static.flickr.com/3158/2364907828_cc7b1de4c7.jpg, -1, -1, 0, n10560637
403, scientist/S_imagenet_403.jpg, 1, http://farm3.static.flickr.com/2408/2242203485_1e1d105098.jpg, -1, -1, 0, n10560637
404, scientist/S_imagenet_404.jpg, 1, http://farm3.static.flickr.com/2405/2367174112_bd6a1961d9.jpg, -1, -1, 0, n10560637
405, scientist/S_imagenet_405.jpg, 1, http://farm3.static.flickr.com/2303/2233322209_676afd7195.jpg, -1, -1, 0, n10560637
406, scientist/S_imagenet_406.jpg, 1, http://farm3.static.flickr.com/2242/2198448740_8c00ed6bca.jpg, -1, -1, 0, n10560637
407, scientist/S_imagenet_407.jpg, 1, http://farm3.static.flickr.com/2318/2226710414_2f7dc19ea0.jpg, -1, -1, 0, n10560637
408, scientist/S_imagenet_408.jpg, 1, http://farm3.static.flickr.com/2330/2248174195_480f1a02d3.jpg, -1, -1, 0, n10560637
409, scientist/S_imagenet_409.jpg, 1, http://farm3.static.flickr.com/2017/2366334283_8f6e3db910.jpg, -1, -1, 0, n10560637
410, scientist/S_imagenet_410.jpg, 1, http://farm3.static.flickr.com/2380/2248937778_3ab161376a.jpg, -1, -1, 0, n10560637
411, scientist/S_imagenet_411.jpg, 1, http://2.bp.blogspot.com/_IoU3bEFUwWc/SXNim5bVbeI/AAAAAAAAEdI/5g4orghm-6Y/s400/Hans+Bethe.jpg, -1, -1, 0, n10560637
412, scientist/S_imagenet_412.jpg, 1, http://farm3.static.flickr.com/2175/2234088508_ee153bbd4a.jpg, -1, -1, 0, n10560637
413, scientist/S_imagenet_413.jpg, 1, http://farm3.static.flickr.com/2296/2234165092_44f159ef0e.jpg, -1, -1, 0, n10560637
414, scientist/S_imagenet_414.jpg, 1, http://farm3.static.flickr.com/2081/2242216213_c6c20fe025.jpg, -1, -1, 0, n10560637
415, scientist/S_imagenet_415.jpg, 1, http://farm3.static.flickr.com/2146/2242993604_4f9050c555.jpg, -1, -1, 0, n10560637
416, scientist/S_imagenet_416.jpg, 1, http://farm3.static.flickr.com/2364/2228800207_7e5eb14b2c.jpg, -1, -1, 0, n10560637
417, scientist/S_imagenet_417.jpg, 1, http://farm4.static.flickr.com/3163/2550780211_550d3bcd32.jpg, -1, -1, 0, n10560637
418, scientist/S_imagenet_418.jpg, 1, http://farm3.static.flickr.com/2211/2242988818_d98ca49989.jpg, -1, -1, 0, n10560637
419, scientist/S_imagenet_419.jpg, 1, http://farm3.static.flickr.com/2048/2233987604_ae97ec8063.jpg, -1, -1, 0, n10560637
420, scientist/S_imagenet_420.jpg, 1, http://farm3.static.flickr.com/2057/2232364511_38fb490801.jpg, -1, -1, 0, n10560637
421, scientist/S_imagenet_421.jpg, 1, http://farm3.static.flickr.com/2134/2234098818_c0c7a0a316.jpg, -1, -1, 0, n10560637
422, scientist/S_imagenet_422.jpg, 1, http://farm3.static.flickr.com/2286/2232459021_de9c0c7b20.jpg, -1, -1, 0, n10560637
423, scientist/S_imagenet_423.jpg, 1, http://farm3.static.flickr.com/2405/2234002530_320912a6d7.jpg, -1, -1, 0, n10560637
424, scientist/S_imagenet_424.jpg, 1, http://farm3.static.flickr.com/2064/2227908379_c6d87e8913.jpg, -1, -1, 0, n10560637
425, scientist/S_imagenet_425.jpg, 1, http://farm4.static.flickr.com/3657/3616566435_03072c7a96.jpg, -1, -1, 0, n10560637
426, scientist/S_imagenet_426.jpg, 1, http://farm3.static.flickr.com/2136/2232187578_f26b3710ab.jpg, -1, -1, 0, n10560637
427, scientist/S_imagenet_427.jpg, 1, http://farm3.static.flickr.com/2387/2248144511_3418646450.jpg, -1, -1, 0, n10560637
428, scientist/S_imagenet_428.jpg, 1, http://farm3.static.flickr.com/2132/2233758798_1f2daec710.jpg, -1, -1, 0, n10560637
429, scientist/S_imagenet_429.jpg, 1, http://farm3.static.flickr.com/2122/2228157941_183153fb30.jpg, -1, -1, 0, n10560637
430, scientist/S_imagenet_430.jpg, 1, http://farm3.static.flickr.com/2163/2226605968_d7a2c733c6.jpg, -1, -1, 0, n10560637
431, scientist/S_imagenet_431.jpg, 1, http://farm3.static.flickr.com/2397/2233863822_9fee367d2d.jpg, -1, -1, 0, n10560637
432, scientist/S_imagenet_432.jpg, 1, http://farm3.static.flickr.com/2025/2242189935_a11bfbc797.jpg, -1, -1, 0, n10560637
433, scientist/S_imagenet_433.jpg, 1, http://farm3.static.flickr.com/2289/2227927295_39e1bb9a92.jpg, -1, -1, 0, n10560637
434, scientist/S_imagenet_434.jpg, 1, http://farm3.static.flickr.com/2100/2233255926_6a49098b82.jpg, -1, -1, 0, n10560637
435, scientist/S_imagenet_435.jpg, 1, http://farm3.static.flickr.com/2082/2243005142_29bda6525c.jpg, -1, -1, 0, n10560637
436, scientist/S_imagenet_436.jpg, 1, http://farm3.static.flickr.com/2197/2227858739_2df9420812.jpg, -1, -1, 0, n10560637
437, scientist/S_imagenet_437.jpg, 1, http://farm3.static.flickr.com/2356/2127398822_cd6fc76bcc.jpg, -1, -1, 0, n10560637
438, scientist/S_imagenet_438.jpg, 1, http://farm3.static.flickr.com/2023/2226218127_105cd58a84.jpg, -1, -1, 0, n10560637
439, scientist/S_imagenet_439.jpg, 1, http://farm3.static.flickr.com/2313/2127274878_58d5866ee4.jpg, -1, -1, 0, n10560637
440, scientist/S_imagenet_440.jpg, 1, http://farm3.static.flickr.com/2226/2225824911_e9e2470108.jpg, -1, -1, 0, n10560637
441, scientist/S_imagenet_441.jpg, 1, http://farm3.static.flickr.com/2090/2242340937_85256d2fcc.jpg, -1, -1, 0, n10560637
442, scientist/S_imagenet_442.jpg, 1, http://farm3.static.flickr.com/2084/2231264669_d0cbf4247c.jpg, -1, -1, 0, n10560637
443, scientist/S_imagenet_443.jpg, 1, http://farm3.static.flickr.com/2408/2234181312_8b54244747.jpg, -1, -1, 0, n10560637
444, scientist/S_imagenet_444.jpg, 1, http://farm3.static.flickr.com/2153/2367223974_f4e6f57bba.jpg, -1, -1, 0, n10560637
445, scientist/S_imagenet_445.jpg, 1, http://farm3.static.flickr.com/2219/2364906714_f6b4c61abf.jpg, -1, -1, 0, n10560637
446, scientist/S_imagenet_446.jpg, 1, http://farm3.static.flickr.com/2135/2233994124_31bf415dd6.jpg, -1, -1, 0, n10560637
447, scientist/S_imagenet_447.jpg, 1, http://farm3.static.flickr.com/2417/2367072308_dd2f602d87.jpg, -1, -1, 0, n10560637
448, scientist/S_imagenet_448.jpg, 1, http://farm3.static.flickr.com/2190/2127380120_eb1936b9fe.jpg, -1, -1, 0, n10560637
449, scientist/S_imagenet_449.jpg, 1, http://farm3.static.flickr.com/2310/2233434020_f7be74c771.jpg, -1, -1, 0, n10560637
450, scientist/S_imagenet_450.jpg, 1, http://farm3.static.flickr.com/2193/2367196920_8b0e69a9c9.jpg, -1, -1, 0, n10560637
451, scientist/S_imagenet_451.jpg, 1, http://farm3.static.flickr.com/2095/2536015089_106e04aefc.jpg, -1, -1, 0, n10560637
452, scientist/S_imagenet_452.jpg, 1, http://farm3.static.flickr.com/2216/2227827265_6841b9b8ef.jpg, -1, -1, 0, n10560637
453, scientist/S_imagenet_453.jpg, 1, http://farm3.static.flickr.com/2297/2242196453_942ee48058.jpg, -1, -1, 0, n10560637
454, scientist/S_imagenet_454.jpg, 1, http://farm3.static.flickr.com/2364/2233261316_fea7f71c6c.jpg, -1, -1, 0, n10560637
455, scientist/S_imagenet_455.jpg, 1, http://farm3.static.flickr.com/2289/2233179327_aec5485323.jpg, -1, -1, 0, n10560637
456, scientist/S_imagenet_456.jpg, 1, http://farm3.static.flickr.com/2098/2364903062_6e5f9ae6d3.jpg, -1, -1, 0, n10560637
457, scientist/S_imagenet_457.jpg, 1, http://farm3.static.flickr.com/2070/2242314141_72829bc9fc.jpg, -1, -1, 0, n10560637
458, scientist/S_imagenet_458.jpg, 1, http://farm3.static.flickr.com/2343/2234109940_a681071553.jpg, -1, -1, 0, n10560637
459, scientist/S_imagenet_459.jpg, 1, http://ieet.org/images/gp7-138.jpg, -1, -1, 0, n10560637
460, scientist/S_imagenet_460.jpg, 1, http://farm3.static.flickr.com/2420/2234217200_0a2aa96360.jpg, -1, -1, 0, n10560637
461, scientist/S_imagenet_461.jpg, 1, http://farm3.static.flickr.com/2203/2233387727_c14e3667b0.jpg, -1, -1, 0, n10560637
462, scientist/S_imagenet_462.jpg, 1, http://farm3.static.flickr.com/2085/2229241480_3777d10403.jpg, -1, -1, 0, n10560637
463, scientist/S_imagenet_463.jpg, 1, http://farm3.static.flickr.com/2058/2242319815_17b00e1a42.jpg, -1, -1, 0, n10560637
464, scientist/S_imagenet_464.jpg, 1, http://farm3.static.flickr.com/2159/2227856709_3b77cda777.jpg, -1, -1, 0, n10560637
465, scientist/S_imagenet_465.jpg, 1, http://farm3.static.flickr.com/2330/2228629602_b2459ec69b.jpg, -1, -1, 0, n10560637
466, scientist/S_imagenet_466.jpg, 1, http://farm3.static.flickr.com/2186/2226227249_6205699de5.jpg, -1, -1, 0, n10560637
467, scientist/S_imagenet_467.jpg, 1, http://farm3.static.flickr.com/2104/2242262573_8b135bee69.jpg, -1, -1, 0, n10560637
468, scientist/S_imagenet_468.jpg, 1, http://farm3.static.flickr.com/2122/2249060694_3d79b613eb.jpg, -1, -1, 0, n10560637
469, scientist/S_imagenet_469.jpg, 1, http://farm3.static.flickr.com/2293/2242226349_403268a0cf.jpg, -1, -1, 0, n10560637
470, scientist/S_imagenet_470.jpg, 1, http://farm3.static.flickr.com/2201/2225739441_a9710edcd9.jpg, -1, -1, 0, n10560637
471, scientist/S_imagenet_471.jpg, 1, http://farm3.static.flickr.com/2278/2243074966_2f1996d112.jpg, -1, -1, 0, n10560637
472, scientist/S_imagenet_472.jpg, 1, http://farm3.static.flickr.com/2347/2366360675_edd45d903b.jpg, -1, -1, 0, n10560637
473, scientist/S_imagenet_473.jpg, 1, http://farm3.static.flickr.com/2415/2228548155_896f0a864b.jpg, -1, -1, 0, n10560637
474, scientist/S_imagenet_474.jpg, 1, http://farm3.static.flickr.com/2394/2127388764_b97974677b.jpg, -1, -1, 0, n10560637
475, scientist/S_imagenet_475.jpg, 1, http://farm3.static.flickr.com/2088/2243047754_fffb08954f.jpg, -1, -1, 0, n10560637
476, scientist/S_imagenet_476.jpg, 1, http://farm3.static.flickr.com/2023/2226460027_e379c11a10.jpg, -1, -1, 0, n10560637
477, scientist/S_imagenet_477.jpg, 1, http://farm3.static.flickr.com/2595/3878154951_41b8e82aaa.jpg, -1, -1, 0, n10560637
478, scientist/S_imagenet_478.jpg, 1, http://farm3.static.flickr.com/2372/2233295491_5c17b26493.jpg, -1, -1, 0, n10560637
479, scientist/S_imagenet_479.jpg, 1, http://www.cafescipa.org/images/RichardMuller.jpg, -1, -1, 0, n10560637
480, scientist/S_imagenet_480.jpg, 1, http://farm4.static.flickr.com/3218/2924930688_1ff4949d94.jpg, -1, -1, 0, n10560637
481, scientist/S_imagenet_481.jpg, 1, http://farm1.static.flickr.com/122/315983896_ece3e002f1.jpg, -1, -1, 0, n10560637
482, scientist/S_imagenet_482.jpg, 1, http://farm4.static.flickr.com/3096/2551806942_335ef97bdc.jpg, -1, -1, 0, n10560637
483, scientist/S_imagenet_483.jpg, 1, http://lifeinlegacy.com/2002/1102/BakPer.jpg, -1, -1, 0, n10560637
484, scientist/S_imagenet_484.jpg, 1, http://www.metse-bts.nl/natuur3.jpg, -1, -1, 0, n10560637
485, scientist/S_imagenet_485.jpg, 1, http://www.greenjoules.com/UserFiles/Joule_James_sitting.jpg, -1, -1, 0, n10560637
486, scientist/S_imagenet_486.jpg, 1, http://farm3.static.flickr.com/2144/2367164528_4194e49a76.jpg, -1, -1, 0, n10560637
